[24Jan2026 17:18:23.992] [main/INFO] [cpw.mods.modlauncher.Launcher/MODLAUNCHER]: ModLauncher running: args [--launchTarget, forgeserver, --fml.forgeVersion, 47.3.7, --fml.mcVersion, 1.20.1, --fml.forgeGroup, net.minecraftforge, --fml.mcpVersion, 20230612.114412, nogui]
[24Jan2026 17:18:23.997] [main/INFO] [cpw.mods.modlauncher.Launcher/MODLAUNCHER]: ModLauncher 10.0.9+10.0.9+main.dcd20f30 starting: java version 17.0.17 by Ubuntu; OS Linux arch amd64 version 6.8.0-1030-azure
[24Jan2026 17:18:24.029] [main/DEBUG] [cpw.mods.modlauncher.LaunchServiceHandler/MODLAUNCHER]: Found launch services [fmlclientdev,forgeclient,minecraft,forgegametestserverdev,fmlserveruserdev,fmlclient,fmldatauserdev,forgeserverdev,forgeserveruserdev,forgeclientdev,forgeclientuserdev,forgeserver,forgedatadev,fmlserver,fmlclientuserdev,fmlserverdev,forgedatauserdev,testharness,forgegametestserveruserdev]
[24Jan2026 17:18:24.041] [main/DEBUG] [cpw.mods.modlauncher.NameMappingServiceHandler/MODLAUNCHER]: Found naming services : [srgtomcp]
[24Jan2026 17:18:24.060] [main/DEBUG] [cpw.mods.modlauncher.LaunchPluginHandler/MODLAUNCHER]: Found launch plugins: [mixin,eventbus,slf4jfixer,object_holder_definalize,runtime_enum_extender,capability_token_subclass,accesstransformer,runtimedistcleaner]
[24Jan2026 17:18:24.073] [main/DEBUG] [cpw.mods.modlauncher.TransformationServicesHandler/MODLAUNCHER]: Discovering transformation services
[24Jan2026 17:18:24.080] [main/DEBUG] [net.minecraftforge.fml.loading.FMLPaths/CORE]: Path GAMEDIR is /workspaces/server1/servidor_minecraft
[24Jan2026 17:18:24.080] [main/DEBUG] [net.minecraftforge.fml.loading.FMLPaths/CORE]: Path MODSDIR is /workspaces/server1/servidor_minecraft/mods
[24Jan2026 17:18:24.081] [main/DEBUG] [net.minecraftforge.fml.loading.FMLPaths/CORE]: Path CONFIGDIR is /workspaces/server1/servidor_minecraft/config
[24Jan2026 17:18:24.081] [main/DEBUG] [net.minecraftforge.fml.loading.FMLPaths/CORE]: Path FMLCONFIG is /workspaces/server1/servidor_minecraft/config/fml.toml
[24Jan2026 17:18:24.939] [main/DEBUG] [cpw.mods.modlauncher.TransformationServicesHandler/MODLAUNCHER]: Found additional transformation services from discovery services: 
[24Jan2026 17:18:24.949] [main/INFO] [net.minecraftforge.fml.loading.ImmediateWindowHandler/]: ImmediateWindowProvider not loading because launch target is forgeserver
[24Jan2026 17:18:24.964] [main/DEBUG] [cpw.mods.modlauncher.TransformationServicesHandler/MODLAUNCHER]: Found transformer services : [mixin,fml]
[24Jan2026 17:18:24.964] [main/DEBUG] [cpw.mods.modlauncher.TransformationServicesHandler/MODLAUNCHER]: Transformation services loading
[24Jan2026 17:18:24.964] [main/DEBUG] [cpw.mods.modlauncher.TransformationServiceDecorator/MODLAUNCHER]: Loading service mixin
[24Jan2026 17:18:24.965] [main/DEBUG] [cpw.mods.modlauncher.TransformationServiceDecorator/MODLAUNCHER]: Loaded service mixin
[24Jan2026 17:18:24.965] [main/DEBUG] [cpw.mods.modlauncher.TransformationServiceDecorator/MODLAUNCHER]: Loading service fml
[24Jan2026 17:18:24.966] [main/DEBUG] [net.minecraftforge.fml.loading.LauncherVersion/CORE]: Found FMLLauncher version 1.0
[24Jan2026 17:18:24.967] [main/DEBUG] [net.minecraftforge.fml.loading.FMLLoader/CORE]: FML 1.0 loading
[24Jan2026 17:18:24.967] [main/DEBUG] [net.minecraftforge.fml.loading.FMLLoader/CORE]: FML found ModLauncher version : 10.0.9+10.0.9+main.dcd20f30
[24Jan2026 17:18:24.967] [main/DEBUG] [net.minecraftforge.fml.loading.FMLLoader/CORE]: FML found AccessTransformer version : 8.0.4+66+master.c09db6d7
[24Jan2026 17:18:24.968] [main/DEBUG] [net.minecraftforge.fml.loading.FMLLoader/CORE]: FML found EventBus version : 6.0.5+6.0.5+master.eb8e549b
[24Jan2026 17:18:24.968] [main/DEBUG] [net.minecraftforge.fml.loading.FMLLoader/CORE]: Found Runtime Dist Cleaner
[24Jan2026 17:18:24.971] [main/DEBUG] [net.minecraftforge.fml.loading.FMLLoader/CORE]: FML found CoreMod version : 5.1.6
[24Jan2026 17:18:24.971] [main/DEBUG] [net.minecraftforge.fml.loading.FMLLoader/CORE]: Found ForgeSPI package implementation version 7.0.1+7.0.1+master.d2b38bf6
[24Jan2026 17:18:24.972] [main/DEBUG] [net.minecraftforge.fml.loading.FMLLoader/CORE]: Found ForgeSPI package specification 5
[24Jan2026 17:18:24.972] [main/DEBUG] [cpw.mods.modlauncher.TransformationServiceDecorator/MODLAUNCHER]: Loaded service fml
[24Jan2026 17:18:24.972] [main/DEBUG] [cpw.mods.modlauncher.TransformationServicesHandler/MODLAUNCHER]: Configuring option handling for services
[24Jan2026 17:18:24.982] [main/DEBUG] [cpw.mods.modlauncher.TransformationServicesHandler/MODLAUNCHER]: Transformation services initializing
[24Jan2026 17:18:24.983] [main/DEBUG] [cpw.mods.modlauncher.TransformationServiceDecorator/MODLAUNCHER]: Initializing transformation service mixin
[24Jan2026 17:18:25.001] [main/DEBUG] [mixin/]: MixinService [ModLauncher] was successfully booted in cpw.mods.cl.ModuleClassLoader@7a3d45bd
[24Jan2026 17:18:25.030] [main/INFO] [mixin/]: SpongePowered MIXIN Subsystem Version=0.8.5 Source=union:/workspaces/server1/servidor_minecraft/libraries/org/spongepowered/mixin/0.8.5/mixin-0.8.5.jar%2365!/ Service=ModLauncher Env=SERVER
[24Jan2026 17:18:25.035] [main/DEBUG] [mixin/]: Initialising Mixin Platform Manager
[24Jan2026 17:18:25.036] [main/DEBUG] [mixin/]: Adding mixin platform agents for container ModLauncher Root Container(ModLauncher:4f56a0a2)
[24Jan2026 17:18:25.039] [main/DEBUG] [mixin/]: Instancing new MixinPlatformAgentMinecraftForge for ModLauncher Root Container(ModLauncher:4f56a0a2)
[24Jan2026 17:18:25.042] [main/DEBUG] [mixin/]: MixinPlatformAgentMinecraftForge rejected container ModLauncher Root Container(ModLauncher:4f56a0a2)
[24Jan2026 17:18:25.042] [main/DEBUG] [mixin/]: Instancing new MixinPlatformAgentDefault for ModLauncher Root Container(ModLauncher:4f56a0a2)
[24Jan2026 17:18:25.043] [main/DEBUG] [mixin/]: MixinPlatformAgentDefault accepted container ModLauncher Root Container(ModLauncher:4f56a0a2)
[24Jan2026 17:18:25.051] [main/DEBUG] [cpw.mods.modlauncher.TransformationServiceDecorator/MODLAUNCHER]: Initialized transformation service mixin
[24Jan2026 17:18:25.052] [main/DEBUG] [cpw.mods.modlauncher.TransformationServiceDecorator/MODLAUNCHER]: Initializing transformation service fml
[24Jan2026 17:18:25.052] [main/DEBUG] [net.minecraftforge.fml.loading.FMLServiceProvider/CORE]: Setting up basic FML game directories
[24Jan2026 17:18:25.053] [main/DEBUG] [net.minecraftforge.fml.loading.FMLPaths/CORE]: Path GAMEDIR is /workspaces/server1/servidor_minecraft
[24Jan2026 17:18:25.053] [main/DEBUG] [net.minecraftforge.fml.loading.FMLPaths/CORE]: Path MODSDIR is /workspaces/server1/servidor_minecraft/mods
[24Jan2026 17:18:25.053] [main/DEBUG] [net.minecraftforge.fml.loading.FMLPaths/CORE]: Path CONFIGDIR is /workspaces/server1/servidor_minecraft/config
[24Jan2026 17:18:25.053] [main/DEBUG] [net.minecraftforge.fml.loading.FMLPaths/CORE]: Path FMLCONFIG is /workspaces/server1/servidor_minecraft/config/fml.toml
[24Jan2026 17:18:25.054] [main/DEBUG] [net.minecraftforge.fml.loading.FMLServiceProvider/CORE]: Loading configuration
[24Jan2026 17:18:25.058] [main/DEBUG] [net.minecraftforge.fml.loading.FMLServiceProvider/CORE]: Preparing ModFile
[24Jan2026 17:18:25.061] [main/DEBUG] [net.minecraftforge.fml.loading.FMLServiceProvider/CORE]: Preparing launch handler
[24Jan2026 17:18:25.062] [main/DEBUG] [net.minecraftforge.fml.loading.FMLLoader/CORE]: Using forgeserver as launch service
[24Jan2026 17:18:25.084] [main/DEBUG] [net.minecraftforge.fml.loading.FMLLoader/CORE]: Received command line version data  : VersionInfo[forgeVersion=47.3.7, mcVersion=1.20.1, mcpVersion=20230612.114412, forgeGroup=net.minecraftforge]
[24Jan2026 17:18:25.088] [main/DEBUG] [cpw.mods.modlauncher.TransformationServiceDecorator/MODLAUNCHER]: Initialized transformation service fml
[24Jan2026 17:18:25.091] [main/DEBUG] [cpw.mods.modlauncher.NameMappingServiceHandler/MODLAUNCHER]: Current naming domain is 'srg'
[24Jan2026 17:18:25.093] [main/DEBUG] [cpw.mods.modlauncher.NameMappingServiceHandler/MODLAUNCHER]: Identified name mapping providers {}
[24Jan2026 17:18:25.093] [main/DEBUG] [cpw.mods.modlauncher.TransformationServicesHandler/MODLAUNCHER]: Transformation services begin scanning
[24Jan2026 17:18:25.094] [main/DEBUG] [cpw.mods.modlauncher.TransformationServiceDecorator/MODLAUNCHER]: Beginning scan trigger - transformation service mixin
[24Jan2026 17:18:25.094] [main/DEBUG] [cpw.mods.modlauncher.TransformationServiceDecorator/MODLAUNCHER]: End scan trigger - transformation service mixin
[24Jan2026 17:18:25.094] [main/DEBUG] [cpw.mods.modlauncher.TransformationServiceDecorator/MODLAUNCHER]: Beginning scan trigger - transformation service fml
[24Jan2026 17:18:25.097] [main/DEBUG] [net.minecraftforge.fml.loading.FMLServiceProvider/CORE]: Initiating mod scan
[24Jan2026 17:18:25.112] [main/DEBUG] [net.minecraftforge.fml.loading.moddiscovery.ModListHandler/CORE]: Found mod coordinates from lists: []
[24Jan2026 17:18:25.117] [main/DEBUG] [net.minecraftforge.fml.loading.moddiscovery.ModDiscoverer/CORE]: Found Mod Locators : (mods folder:null),(maven libs:null),(exploded directory:null),(minecraft:null),(userdev classpath:null)
[24Jan2026 17:18:25.117] [main/DEBUG] [net.minecraftforge.fml.loading.moddiscovery.ModDiscoverer/CORE]: Found Dependency Locators : (JarInJar:null)
[24Jan2026 17:18:25.129] [main/DEBUG] [net.minecraftforge.fml.loading.moddiscovery.ModFileParser/LOADING]: Considering mod file candidate /workspaces/server1/servidor_minecraft/mods/balm-forge-1.20.1-7.3.37-all.jar
[24Jan2026 17:18:25.184] [main/DEBUG] [net.minecraftforge.fml.loading.moddiscovery.ModFileInfo/LOADING]: Found valid mod file balm-forge-1.20.1-7.3.37-all.jar with {balm} mods - versions {7.3.37}
[24Jan2026 17:18:25.190] [main/DEBUG] [net.minecraftforge.fml.loading.moddiscovery.ModFileParser/LOADING]: Considering mod file candidate /workspaces/server1/servidor_minecraft/mods/born_in_chaos_[Forge]1.20.1_1.7.3.jar
[24Jan2026 17:18:25.193] [main/DEBUG] [net.minecraftforge.fml.loading.moddiscovery.ModFileInfo/LOADING]: Found valid mod file born_in_chaos_[Forge]1.20.1_1.7.3.jar with {born_in_chaos_v1} mods - versions {1.7.3}
[24Jan2026 17:18:25.194] [main/DEBUG] [net.minecraftforge.fml.loading.moddiscovery.ModFileParser/LOADING]: Considering mod file candidate /workspaces/server1/servidor_minecraft/mods/cristellib-1.1.6-forge.jar
[24Jan2026 17:18:25.196] [main/DEBUG] [net.minecraftforge.fml.loading.moddiscovery.ModFileInfo/LOADING]: Found valid mod file cristellib-1.1.6-forge.jar with {cristellib} mods - versions {1.1.6}
[24Jan2026 17:18:25.197] [main/DEBUG] [net.minecraftforge.fml.loading.moddiscovery.ModFileParser/LOADING]: Considering mod file candidate /workspaces/server1/servidor_minecraft/mods/Dungeon Crawl-1.20.1-2.3.15.jar
[24Jan2026 17:18:25.199] [main/DEBUG] [net.minecraftforge.fml.loading.moddiscovery.ModFileInfo/LOADING]: Found valid mod file Dungeon Crawl-1.20.1-2.3.15.jar with {dungeoncrawl} mods - versions {2.3.15}
[24Jan2026 17:18:25.203] [main/DEBUG] [net.minecraftforge.fml.loading.moddiscovery.ModFileParser/LOADING]: Considering mod file candidate /workspaces/server1/servidor_minecraft/mods/dungeons-and-taverns-3.0.3.f[Forge].jar
[24Jan2026 17:18:25.205] [main/DEBUG] [net.minecraftforge.fml.loading.moddiscovery.ModFileInfo/LOADING]: Found valid mod file dungeons-and-taverns-3.0.3.f[Forge].jar with {mr_dungeons_andtaverns} mods - versions {3.0.3.f}
[24Jan2026 17:18:25.207] [main/DEBUG] [net.minecraftforge.fml.loading.moddiscovery.ModFileParser/LOADING]: Considering mod file candidate /workspaces/server1/servidor_minecraft/mods/DungeonsArise-1.20.x-2.1.58-release.jar
[24Jan2026 17:18:25.208] [main/DEBUG] [net.minecraftforge.fml.loading.moddiscovery.ModFileInfo/LOADING]: Found valid mod file DungeonsArise-1.20.x-2.1.58-release.jar with {dungeons_arise} mods - versions {2.1.58-1.20.x}
[24Jan2026 17:18:25.208] [main/DEBUG] [net.minecraftforge.fml.loading.moddiscovery.ModFileParser/LOADING]: Considering mod file candidate /workspaces/server1/servidor_minecraft/mods/DungeonsAriseSevenSeas-1.20.x-1.0.2-forge.jar
[24Jan2026 17:18:25.210] [main/DEBUG] [net.minecraftforge.fml.loading.moddiscovery.ModFileInfo/LOADING]: Found valid mod file DungeonsAriseSevenSeas-1.20.x-1.0.2-forge.jar with {dungeons_arise_seven_seas} mods - versions {1.0.2}
[24Jan2026 17:18:25.213] [main/DEBUG] [net.minecraftforge.fml.loading.moddiscovery.ModFileParser/LOADING]: Considering mod file candidate /workspaces/server1/servidor_minecraft/mods/EnchantingInfuser-v8.0.3-1.20.1-Forge.jar
[24Jan2026 17:18:25.214] [main/DEBUG] [net.minecraftforge.fml.loading.moddiscovery.ModFileInfo/LOADING]: Found valid mod file EnchantingInfuser-v8.0.3-1.20.1-Forge.jar with {enchantinginfuser} mods - versions {8.0.3}
[24Jan2026 17:18:25.216] [main/DEBUG] [net.minecraftforge.fml.loading.moddiscovery.ModFileParser/LOADING]: Considering mod file candidate /workspaces/server1/servidor_minecraft/mods/everythingcopper-1.20.1-2.3.4.jar
[24Jan2026 17:18:25.218] [main/DEBUG] [net.minecraftforge.fml.loading.moddiscovery.ModFileInfo/LOADING]: Found valid mod file everythingcopper-1.20.1-2.3.4.jar with {everythingcopper} mods - versions {1.20.1-2.3.4}
[24Jan2026 17:18:25.227] [main/DEBUG] [net.minecraftforge.fml.loading.moddiscovery.ModFileParser/LOADING]: Considering mod file candidate /workspaces/server1/servidor_minecraft/mods/geckolib-forge-1.20.1-4.8.2.jar
[24Jan2026 17:18:25.228] [main/DEBUG] [net.minecraftforge.fml.loading.moddiscovery.ModFileInfo/LOADING]: Found valid mod file geckolib-forge-1.20.1-4.8.2.jar with {geckolib} mods - versions {4.8.2}
[24Jan2026 17:18:25.234] [main/DEBUG] [net.minecraftforge.fml.loading.moddiscovery.ModFileParser/LOADING]: Considering mod file candidate /workspaces/server1/servidor_minecraft/mods/Incendium_1.20.x_v5.3.5.jar
[24Jan2026 17:18:25.237] [main/DEBUG] [net.minecraftforge.fml.loading.moddiscovery.ModFileInfo/LOADING]: Found valid mod file Incendium_1.20.x_v5.3.5.jar with {incendium} mods - versions {5.3.5}
[24Jan2026 17:18:25.240] [main/DEBUG] [net.minecraftforge.fml.loading.moddiscovery.ModFileParser/LOADING]: Considering mod file candidate /workspaces/server1/servidor_minecraft/mods/jei-1.20.1-forge-15.20.0.127.jar
[24Jan2026 17:18:25.243] [main/DEBUG] [net.minecraftforge.fml.loading.moddiscovery.ModFileInfo/LOADING]: Found valid mod file jei-1.20.1-forge-15.20.0.127.jar with {jei} mods - versions {15.20.0.127}
[24Jan2026 17:18:25.251] [main/DEBUG] [net.minecraftforge.fml.loading.moddiscovery.ModFileParser/LOADING]: Considering mod file candidate /workspaces/server1/servidor_minecraft/mods/MutantMonsters-v8.0.8-1.20.1-Forge.jar
[24Jan2026 17:18:25.253] [main/DEBUG] [net.minecraftforge.fml.loading.moddiscovery.ModFileInfo/LOADING]: Found valid mod file MutantMonsters-v8.0.8-1.20.1-Forge.jar with {mutantmonsters} mods - versions {8.0.8}
[24Jan2026 17:18:25.282] [main/DEBUG] [net.minecraftforge.fml.loading.moddiscovery.ModFileParser/LOADING]: Considering mod file candidate /workspaces/server1/servidor_minecraft/mods/PuzzlesLib-v8.1.33-1.20.1-Forge.jar
[24Jan2026 17:18:25.283] [main/DEBUG] [net.minecraftforge.fml.loading.moddiscovery.ModFileInfo/LOADING]: Found valid mod file PuzzlesLib-v8.1.33-1.20.1-Forge.jar with {puzzleslib} mods - versions {8.1.33}
[24Jan2026 17:18:25.287] [main/DEBUG] [net.minecraftforge.fml.loading.moddiscovery.ModFileParser/LOADING]: Considering mod file candidate /workspaces/server1/servidor_minecraft/mods/sophisticatedbackpacks-1.20.1-3.24.12.1411.jar
[24Jan2026 17:18:25.288] [main/DEBUG] [net.minecraftforge.fml.loading.moddiscovery.ModFileInfo/LOADING]: Found valid mod file sophisticatedbackpacks-1.20.1-3.24.12.1411.jar with {sophisticatedbackpacks} mods - versions {3.24.12.1411}
[24Jan2026 17:18:25.289] [main/DEBUG] [net.minecraftforge.fml.loading.moddiscovery.ModFileParser/LOADING]: Considering mod file candidate /workspaces/server1/servidor_minecraft/mods/sophisticatedcore-1.20.1-1.2.107.1240.jar
[24Jan2026 17:18:25.290] [main/DEBUG] [net.minecraftforge.fml.loading.moddiscovery.ModFileInfo/LOADING]: Found valid mod file sophisticatedcore-1.20.1-1.2.107.1240.jar with {sophisticatedcore} mods - versions {1.2.107.1240}
[24Jan2026 17:18:25.291] [main/DEBUG] [net.minecraftforge.fml.loading.moddiscovery.ModFileParser/LOADING]: Considering mod file candidate /workspaces/server1/servidor_minecraft/mods/Structory_1.20.x_v1.3.5.jar
[24Jan2026 17:18:25.294] [main/DEBUG] [net.minecraftforge.fml.loading.moddiscovery.ModFileInfo/LOADING]: Found valid mod file Structory_1.20.x_v1.3.5.jar with {structory} mods - versions {1.3.5}
[24Jan2026 17:18:25.295] [main/DEBUG] [net.minecraftforge.fml.loading.moddiscovery.ModFileParser/LOADING]: Considering mod file candidate /workspaces/server1/servidor_minecraft/mods/takesapillage-1.0.3-1.20.1.jar
[24Jan2026 17:18:25.297] [main/DEBUG] [net.minecraftforge.fml.loading.moddiscovery.ModFileInfo/LOADING]: Found valid mod file takesapillage-1.0.3-1.20.1.jar with {takesapillage} mods - versions {1.0.3}
[24Jan2026 17:18:25.300] [main/DEBUG] [net.minecraftforge.fml.loading.moddiscovery.ModFileParser/LOADING]: Considering mod file candidate /workspaces/server1/servidor_minecraft/mods/Towns-and-Towers-1.12-Fabric+Forge.jar
[24Jan2026 17:18:25.303] [main/DEBUG] [net.minecraftforge.fml.loading.moddiscovery.ModFileInfo/LOADING]: Found valid mod file Towns-and-Towers-1.12-Fabric+Forge.jar with {t_and_t} mods - versions {0.0NONE}
[24Jan2026 17:18:25.304] [main/DEBUG] [net.minecraftforge.fml.loading.moddiscovery.ModFileParser/LOADING]: Considering mod file candidate /workspaces/server1/servidor_minecraft/mods/trashslot-forge-1.20-15.1.2.jar
[24Jan2026 17:18:25.305] [main/DEBUG] [net.minecraftforge.fml.loading.moddiscovery.ModFileInfo/LOADING]: Found valid mod file trashslot-forge-1.20-15.1.2.jar with {trashslot} mods - versions {15.1.2}
[24Jan2026 17:18:25.306] [main/DEBUG] [net.minecraftforge.fml.loading.moddiscovery.ModFileParser/LOADING]: Considering mod file candidate /workspaces/server1/servidor_minecraft/mods/Xaeros_Minimap_25.2.10_Forge_1.20.jar
[24Jan2026 17:18:25.308] [main/DEBUG] [net.minecraftforge.fml.loading.moddiscovery.ModFileInfo/LOADING]: Found valid mod file Xaeros_Minimap_25.2.10_Forge_1.20.jar with {xaerominimap} mods - versions {25.2.10}
[24Jan2026 17:18:25.310] [main/DEBUG] [net.minecraftforge.fml.loading.moddiscovery.ModFileParser/LOADING]: Considering mod file candidate /workspaces/server1/servidor_minecraft/mods/XaerosWorldMap_1.39.12_Forge_1.20.jar
[24Jan2026 17:18:25.311] [main/DEBUG] [net.minecraftforge.fml.loading.moddiscovery.ModFileInfo/LOADING]: Found valid mod file XaerosWorldMap_1.39.12_Forge_1.20.jar with {xaeroworldmap} mods - versions {1.39.12}
[24Jan2026 17:18:25.501] [main/DEBUG] [net.minecraftforge.fml.loading.moddiscovery.ModFileInfo/LOADING]: Found valid mod file server-1.20.1-20230612.114412-srg.jar with {minecraft} mods - versions {1.20.1}
[24Jan2026 17:18:25.506] [main/DEBUG] [net.minecraftforge.fml.loading.moddiscovery.ModFileParser/LOADING]: Considering mod file candidate /workspaces/server1/servidor_minecraft/libraries/net/minecraftforge/fmlcore/1.20.1-47.3.7/fmlcore-1.20.1-47.3.7.jar
[24Jan2026 17:18:25.507] [main/WARN] [net.minecraftforge.fml.loading.moddiscovery.ModFileParser/LOADING]: Mod file /workspaces/server1/servidor_minecraft/libraries/net/minecraftforge/fmlcore/1.20.1-47.3.7/fmlcore-1.20.1-47.3.7.jar is missing mods.toml file
[24Jan2026 17:18:25.511] [main/DEBUG] [net.minecraftforge.fml.loading.moddiscovery.ModFileParser/LOADING]: Considering mod file candidate /workspaces/server1/servidor_minecraft/libraries/net/minecraftforge/javafmllanguage/1.20.1-47.3.7/javafmllanguage-1.20.1-47.3.7.jar
[24Jan2026 17:18:25.512] [main/WARN] [net.minecraftforge.fml.loading.moddiscovery.ModFileParser/LOADING]: Mod file /workspaces/server1/servidor_minecraft/libraries/net/minecraftforge/javafmllanguage/1.20.1-47.3.7/javafmllanguage-1.20.1-47.3.7.jar is missing mods.toml file
[24Jan2026 17:18:25.514] [main/DEBUG] [net.minecraftforge.fml.loading.moddiscovery.ModFileParser/LOADING]: Considering mod file candidate /workspaces/server1/servidor_minecraft/libraries/net/minecraftforge/lowcodelanguage/1.20.1-47.3.7/lowcodelanguage-1.20.1-47.3.7.jar
[24Jan2026 17:18:25.514] [main/WARN] [net.minecraftforge.fml.loading.moddiscovery.ModFileParser/LOADING]: Mod file /workspaces/server1/servidor_minecraft/libraries/net/minecraftforge/lowcodelanguage/1.20.1-47.3.7/lowcodelanguage-1.20.1-47.3.7.jar is missing mods.toml file
[24Jan2026 17:18:25.518] [main/DEBUG] [net.minecraftforge.fml.loading.moddiscovery.ModFileParser/LOADING]: Considering mod file candidate /workspaces/server1/servidor_minecraft/libraries/net/minecraftforge/mclanguage/1.20.1-47.3.7/mclanguage-1.20.1-47.3.7.jar
[24Jan2026 17:18:25.518] [main/WARN] [net.minecraftforge.fml.loading.moddiscovery.ModFileParser/LOADING]: Mod file /workspaces/server1/servidor_minecraft/libraries/net/minecraftforge/mclanguage/1.20.1-47.3.7/mclanguage-1.20.1-47.3.7.jar is missing mods.toml file
[24Jan2026 17:18:25.581] [main/DEBUG] [net.minecraftforge.fml.loading.moddiscovery.ModFileParser/LOADING]: Considering mod file candidate /workspaces/server1/servidor_minecraft/libraries/net/minecraftforge/forge/1.20.1-47.3.7/forge-1.20.1-47.3.7-universal.jar
[24Jan2026 17:18:25.582] [main/DEBUG] [net.minecraftforge.fml.loading.moddiscovery.ModFileInfo/LOADING]: Found valid mod file forge-1.20.1-47.3.7-universal.jar with {forge} mods - versions {47.3.7}
[24Jan2026 17:18:25.601] [main/DEBUG] [net.minecraftforge.fml.loading.moddiscovery.AbstractJarFileDependencyLocator/]: Failed to load resource META-INF/jarjar/metadata.json from server-1.20.1-20230612.114412-srg.jar, it does not contain dependency information.
[24Jan2026 17:18:25.601] [main/DEBUG] [net.minecraftforge.fml.loading.moddiscovery.AbstractJarFileDependencyLocator/]: Failed to load resource META-INF/jarjar/metadata.json from everythingcopper-1.20.1-2.3.4.jar, it does not contain dependency information.
[24Jan2026 17:18:25.601] [main/DEBUG] [net.minecraftforge.fml.loading.moddiscovery.AbstractJarFileDependencyLocator/]: Failed to load resource META-INF/jarjar/metadata.json from dungeons-and-taverns-3.0.3.f[Forge].jar, it does not contain dependency information.
[24Jan2026 17:18:25.602] [main/DEBUG] [net.minecraftforge.fml.loading.moddiscovery.AbstractJarFileDependencyLocator/]: Failed to load resource META-INF/jarjar/metadata.json from Dungeon Crawl-1.20.1-2.3.15.jar, it does not contain dependency information.
[24Jan2026 17:18:25.602] [main/DEBUG] [net.minecraftforge.fml.loading.moddiscovery.AbstractJarFileDependencyLocator/]: Failed to load resource META-INF/jarjar/metadata.json from trashslot-forge-1.20-15.1.2.jar, it does not contain dependency information.
[24Jan2026 17:18:25.602] [main/DEBUG] [net.minecraftforge.fml.loading.moddiscovery.AbstractJarFileDependencyLocator/]: Failed to load resource META-INF/jarjar/metadata.json from sophisticatedbackpacks-1.20.1-3.24.12.1411.jar, it does not contain dependency information.
[24Jan2026 17:18:25.602] [main/DEBUG] [net.minecraftforge.fml.loading.moddiscovery.AbstractJarFileDependencyLocator/]: Failed to load resource META-INF/jarjar/metadata.json from takesapillage-1.0.3-1.20.1.jar, it does not contain dependency information.
[24Jan2026 17:18:25.603] [main/DEBUG] [net.minecraftforge.fml.loading.moddiscovery.AbstractJarFileDependencyLocator/]: Failed to load resource META-INF/jarjar/metadata.json from jei-1.20.1-forge-15.20.0.127.jar, it does not contain dependency information.
[24Jan2026 17:18:25.603] [main/DEBUG] [net.minecraftforge.fml.loading.moddiscovery.AbstractJarFileDependencyLocator/]: Failed to load resource META-INF/jarjar/metadata.json from born_in_chaos_[Forge]1.20.1_1.7.3.jar, it does not contain dependency information.
[24Jan2026 17:18:25.603] [main/DEBUG] [net.minecraftforge.fml.loading.moddiscovery.AbstractJarFileDependencyLocator/]: Failed to load resource META-INF/jarjar/metadata.json from DungeonsAriseSevenSeas-1.20.x-1.0.2-forge.jar, it does not contain dependency information.
[24Jan2026 17:18:25.603] [main/DEBUG] [net.minecraftforge.fml.loading.moddiscovery.AbstractJarFileDependencyLocator/]: Failed to load resource META-INF/jarjar/metadata.json from forge-1.20.1-47.3.7-universal.jar, it does not contain dependency information.
[24Jan2026 17:18:25.603] [main/DEBUG] [net.minecraftforge.fml.loading.moddiscovery.AbstractJarFileDependencyLocator/]: Failed to load resource META-INF/jarjar/metadata.json from Incendium_1.20.x_v5.3.5.jar, it does not contain dependency information.
[24Jan2026 17:18:25.604] [main/DEBUG] [net.minecraftforge.fml.loading.moddiscovery.AbstractJarFileDependencyLocator/]: Failed to load resource META-INF/jarjar/metadata.json from sophisticatedcore-1.20.1-1.2.107.1240.jar, it does not contain dependency information.
[24Jan2026 17:18:25.604] [main/DEBUG] [net.minecraftforge.fml.loading.moddiscovery.AbstractJarFileDependencyLocator/]: Failed to load resource META-INF/jarjar/metadata.json from Towns-and-Towers-1.12-Fabric+Forge.jar, it does not contain dependency information.
[24Jan2026 17:18:25.604] [main/DEBUG] [net.minecraftforge.fml.loading.moddiscovery.AbstractJarFileDependencyLocator/]: Failed to load resource META-INF/jarjar/metadata.json from Xaeros_Minimap_25.2.10_Forge_1.20.jar, it does not contain dependency information.
[24Jan2026 17:18:25.604] [main/DEBUG] [net.minecraftforge.fml.loading.moddiscovery.AbstractJarFileDependencyLocator/]: Failed to load resource META-INF/jarjar/metadata.json from Structory_1.20.x_v1.3.5.jar, it does not contain dependency information.
[24Jan2026 17:18:25.604] [main/DEBUG] [net.minecraftforge.fml.loading.moddiscovery.AbstractJarFileDependencyLocator/]: Failed to load resource META-INF/jarjar/metadata.json from XaerosWorldMap_1.39.12_Forge_1.20.jar, it does not contain dependency information.
[24Jan2026 17:18:25.605] [main/DEBUG] [net.minecraftforge.fml.loading.moddiscovery.AbstractJarFileDependencyLocator/]: Failed to load resource META-INF/jarjar/metadata.json from DungeonsArise-1.20.x-2.1.58-release.jar, it does not contain dependency information.
[24Jan2026 17:18:25.605] [main/DEBUG] [net.minecraftforge.fml.loading.moddiscovery.AbstractJarFileDependencyLocator/]: Failed to load resource META-INF/jarjar/metadata.json from mclanguage-1.20.1-47.3.7.jar, it does not contain dependency information.
[24Jan2026 17:18:25.605] [main/DEBUG] [net.minecraftforge.fml.loading.moddiscovery.AbstractJarFileDependencyLocator/]: Failed to load resource META-INF/jarjar/metadata.json from javafmllanguage-1.20.1-47.3.7.jar, it does not contain dependency information.
[24Jan2026 17:18:25.605] [main/DEBUG] [net.minecraftforge.fml.loading.moddiscovery.AbstractJarFileDependencyLocator/]: Failed to load resource META-INF/jarjar/metadata.json from fmlcore-1.20.1-47.3.7.jar, it does not contain dependency information.
[24Jan2026 17:18:25.605] [main/DEBUG] [net.minecraftforge.fml.loading.moddiscovery.AbstractJarFileDependencyLocator/]: Failed to load resource META-INF/jarjar/metadata.json from lowcodelanguage-1.20.1-47.3.7.jar, it does not contain dependency information.
[24Jan2026 17:18:25.687] [main/DEBUG] [net.minecraftforge.fml.loading.moddiscovery.ModFileParser/LOADING]: Considering mod file candidate 
[24Jan2026 17:18:25.689] [main/DEBUG] [net.minecraftforge.fml.loading.moddiscovery.ModFileInfo/LOADING]: Found valid mod file puzzlesaccessapi-forge-20.1.1.jar with {puzzlesaccessapi} mods - versions {20.1.1}
[24Jan2026 17:18:25.694] [main/DEBUG] [net.minecraftforge.fml.loading.moddiscovery.ModFileParser/LOADING]: Considering mod file candidate 
[24Jan2026 17:18:25.696] [main/DEBUG] [net.minecraftforge.fml.loading.moddiscovery.ModFileInfo/LOADING]: Found valid mod file mixinextras-forge-0.4.1.jar with {mixinextras} mods - versions {0.4.1}
[24Jan2026 17:18:25.710] [main/DEBUG] [net.minecraftforge.fml.loading.moddiscovery.ModFileParser/LOADING]: Considering mod file candidate 
[24Jan2026 17:18:25.712] [main/DEBUG] [net.minecraftforge.fml.loading.moddiscovery.ModFileInfo/LOADING]: Found valid mod file kuma-api-forge-20.1.12+1.20.1.jar with {kuma_api} mods - versions {20.1.12}
[24Jan2026 17:18:25.719] [main/DEBUG] [net.minecraftforge.fml.loading.moddiscovery.AbstractJarFileDependencyLocator/]: Failed to load resource META-INF/jarjar/metadata.json from puzzlesaccessapi-forge-20.1.1.jar, it does not contain dependency information.
[24Jan2026 17:18:25.732] [main/DEBUG] [net.minecraftforge.fml.loading.moddiscovery.AbstractJarFileDependencyLocator/]: Failed to load resource META-INF/jarjar/metadata.json from mclib-20.jar, it does not contain dependency information.
[24Jan2026 17:18:25.733] [main/DEBUG] [net.minecraftforge.fml.loading.moddiscovery.AbstractJarFileDependencyLocator/]: Failed to load resource META-INF/jarjar/metadata.json from kuma-api-forge-20.1.12+1.20.1.jar, it does not contain dependency information.
[24Jan2026 17:18:25.735] [main/DEBUG] [net.minecraftforge.fml.loading.moddiscovery.AbstractJarFileDependencyLocator/]: Failed to load resource META-INF/jarjar/metadata.json from jankson-1.2.3.jar, it does not contain dependency information.
[24Jan2026 17:18:25.735] [main/DEBUG] [net.minecraftforge.fml.loading.moddiscovery.AbstractJarFileDependencyLocator/]: Failed to load resource META-INF/jarjar/metadata.json from MixinExtras-0.4.1.jar, it does not contain dependency information.
[24Jan2026 17:18:25.764] [main/DEBUG] [net.minecraftforge.fml.loading.moddiscovery.ModFileParser/LOADING]: Considering mod file candidate 
[24Jan2026 17:18:25.765] [main/DEBUG] [net.minecraftforge.fml.loading.moddiscovery.ModFileInfo/LOADING]: Found valid mod file puzzlesaccessapi-forge-20.1.1.jar with {puzzlesaccessapi} mods - versions {20.1.1}
[24Jan2026 17:18:25.779] [main/DEBUG] [net.minecraftforge.fml.loading.moddiscovery.ModFileParser/LOADING]: Considering mod file candidate 
[24Jan2026 17:18:25.780] [main/DEBUG] [net.minecraftforge.fml.loading.moddiscovery.ModFileInfo/LOADING]: Found valid mod file mixinextras-forge-0.4.1.jar with {mixinextras} mods - versions {0.4.1}
[24Jan2026 17:18:25.781] [main/DEBUG] [net.minecraftforge.fml.loading.moddiscovery.ModFileParser/LOADING]: Considering mod file candidate 
[24Jan2026 17:18:25.782] [main/DEBUG] [net.minecraftforge.fml.loading.moddiscovery.ModFileInfo/LOADING]: Found valid mod file kuma-api-forge-20.1.12+1.20.1.jar with {kuma_api} mods - versions {20.1.12}
[24Jan2026 17:18:25.784] [main/INFO] [net.minecraftforge.fml.loading.moddiscovery.JarInJarDependencyLocator/]: Found 6 dependencies adding them to mods collection
[24Jan2026 17:18:25.787] [main/DEBUG] [net.minecraftforge.fml.loading.moddiscovery.ModFileInfo/LOADING]: Found valid mod file server-1.20.1-20230612.114412-srg.jar with {minecraft} mods - versions {1.20.1}
[24Jan2026 17:18:25.791] [main/DEBUG] [net.minecraftforge.fml.loading.moddiscovery.ModFile/LOADING]: Loading mod file /workspaces/server1/servidor_minecraft/libraries/net/minecraft/server/1.20.1-20230612.114412/server-1.20.1-20230612.114412-srg.jar with languages [LanguageSpec[languageName=minecraft, acceptedVersions=1]]
[24Jan2026 17:18:25.792] [main/DEBUG] [net.minecraftforge.fml.loading.moddiscovery.ModFileParser/LOADING]: Considering mod file candidate 
[24Jan2026 17:18:25.794] [main/DEBUG] [net.minecraftforge.fml.loading.moddiscovery.ModFileInfo/LOADING]: Found valid mod file kuma-api-forge-20.1.12+1.20.1.jar with {kuma_api} mods - versions {20.1.12}
[24Jan2026 17:18:25.794] [main/DEBUG] [net.minecraftforge.fml.loading.moddiscovery.ModFile/LOADING]: Loading mod file  with languages [LanguageSpec[languageName=javafml, acceptedVersions=[47,)]]
[24Jan2026 17:18:25.794] [main/DEBUG] [net.minecraftforge.fml.loading.moddiscovery.ModFileParser/LOADING]: Considering mod file candidate /workspaces/server1/servidor_minecraft/mods/trashslot-forge-1.20-15.1.2.jar
[24Jan2026 17:18:25.796] [main/DEBUG] [net.minecraftforge.fml.loading.moddiscovery.ModFileInfo/LOADING]: Found valid mod file trashslot-forge-1.20-15.1.2.jar with {trashslot} mods - versions {15.1.2}
[24Jan2026 17:18:25.796] [main/DEBUG] [net.minecraftforge.fml.loading.moddiscovery.ModFile/LOADING]: Loading mod file /workspaces/server1/servidor_minecraft/mods/trashslot-forge-1.20-15.1.2.jar with languages [LanguageSpec[languageName=javafml, acceptedVersions=[46,)]]
[24Jan2026 17:18:25.796] [main/DEBUG] [net.minecraftforge.fml.loading.moddiscovery.ModFileParser/LOADING]: Considering mod file candidate /workspaces/server1/servidor_minecraft/mods/MutantMonsters-v8.0.8-1.20.1-Forge.jar
[24Jan2026 17:18:25.797] [main/DEBUG] [net.minecraftforge.fml.loading.moddiscovery.ModFileInfo/LOADING]: Found valid mod file MutantMonsters-v8.0.8-1.20.1-Forge.jar with {mutantmonsters} mods - versions {8.0.8}
[24Jan2026 17:18:25.797] [main/DEBUG] [net.minecraftforge.fml.loading.moddiscovery.ModFile/LOADING]: Loading mod file /workspaces/server1/servidor_minecraft/mods/MutantMonsters-v8.0.8-1.20.1-Forge.jar with languages [LanguageSpec[languageName=javafml, acceptedVersions=[47,)]]
[24Jan2026 17:18:25.797] [main/DEBUG] [net.minecraftforge.fml.loading.moddiscovery.ModFileParser/LOADING]: Considering mod file candidate /workspaces/server1/servidor_minecraft/mods/geckolib-forge-1.20.1-4.8.2.jar
[24Jan2026 17:18:25.801] [main/DEBUG] [net.minecraftforge.fml.loading.moddiscovery.ModFileInfo/LOADING]: Found valid mod file geckolib-forge-1.20.1-4.8.2.jar with {geckolib} mods - versions {4.8.2}
[24Jan2026 17:18:25.803] [main/DEBUG] [net.minecraftforge.fml.loading.moddiscovery.ModFile/LOADING]: Loading mod file /workspaces/server1/servidor_minecraft/mods/geckolib-forge-1.20.1-4.8.2.jar with languages [LanguageSpec[languageName=javafml, acceptedVersions=[47,)]]
[24Jan2026 17:18:25.803] [main/DEBUG] [net.minecraftforge.fml.loading.moddiscovery.ModFileParser/LOADING]: Considering mod file candidate /workspaces/server1/servidor_minecraft/mods/jei-1.20.1-forge-15.20.0.127.jar
[24Jan2026 17:18:25.804] [main/DEBUG] [net.minecraftforge.fml.loading.moddiscovery.ModFileInfo/LOADING]: Found valid mod file jei-1.20.1-forge-15.20.0.127.jar with {jei} mods - versions {15.20.0.127}
[24Jan2026 17:18:25.804] [main/DEBUG] [net.minecraftforge.fml.loading.moddiscovery.ModFile/LOADING]: Loading mod file /workspaces/server1/servidor_minecraft/mods/jei-1.20.1-forge-15.20.0.127.jar with languages [LanguageSpec[languageName=javafml, acceptedVersions=[47,)]]
[24Jan2026 17:18:25.804] [main/DEBUG] [net.minecraftforge.fml.loading.moddiscovery.ModFileParser/LOADING]: Considering mod file candidate /workspaces/server1/servidor_minecraft/mods/born_in_chaos_[Forge]1.20.1_1.7.3.jar
[24Jan2026 17:18:25.808] [main/DEBUG] [net.minecraftforge.fml.loading.moddiscovery.ModFileInfo/LOADING]: Found valid mod file born_in_chaos_[Forge]1.20.1_1.7.3.jar with {born_in_chaos_v1} mods - versions {1.7.3}
[24Jan2026 17:18:25.810] [main/DEBUG] [net.minecraftforge.fml.loading.moddiscovery.ModFile/LOADING]: Loading mod file /workspaces/server1/servidor_minecraft/mods/born_in_chaos_[Forge]1.20.1_1.7.3.jar with languages [LanguageSpec[languageName=javafml, acceptedVersions=[47,)]]
[24Jan2026 17:18:25.811] [main/DEBUG] [net.minecraftforge.fml.loading.moddiscovery.ModFileParser/LOADING]: Considering mod file candidate /workspaces/server1/servidor_minecraft/mods/Incendium_1.20.x_v5.3.5.jar
[24Jan2026 17:18:25.811] [main/DEBUG] [net.minecraftforge.fml.loading.moddiscovery.ModFileInfo/LOADING]: Found valid mod file Incendium_1.20.x_v5.3.5.jar with {incendium} mods - versions {5.3.5}
[24Jan2026 17:18:25.811] [main/DEBUG] [net.minecraftforge.fml.loading.moddiscovery.ModFile/LOADING]: Loading mod file /workspaces/server1/servidor_minecraft/mods/Incendium_1.20.x_v5.3.5.jar with languages [LanguageSpec[languageName=lowcodefml, acceptedVersions=[1,)]]
[24Jan2026 17:18:25.812] [main/DEBUG] [net.minecraftforge.fml.loading.moddiscovery.ModFileParser/LOADING]: Considering mod file candidate /workspaces/server1/servidor_minecraft/mods/sophisticatedcore-1.20.1-1.2.107.1240.jar
[24Jan2026 17:18:25.813] [main/DEBUG] [net.minecraftforge.fml.loading.moddiscovery.ModFileInfo/LOADING]: Found valid mod file sophisticatedcore-1.20.1-1.2.107.1240.jar with {sophisticatedcore} mods - versions {1.2.107.1240}
[24Jan2026 17:18:25.815] [main/DEBUG] [net.minecraftforge.fml.loading.moddiscovery.ModFile/LOADING]: Loading mod file /workspaces/server1/servidor_minecraft/mods/sophisticatedcore-1.20.1-1.2.107.1240.jar with languages [LanguageSpec[languageName=javafml, acceptedVersions=[47,)]]
[24Jan2026 17:18:25.816] [main/DEBUG] [net.minecraftforge.fml.loading.moddiscovery.ModFileParser/LOADING]: Considering mod file candidate /workspaces/server1/servidor_minecraft/mods/Xaeros_Minimap_25.2.10_Forge_1.20.jar
[24Jan2026 17:18:25.816] [main/DEBUG] [net.minecraftforge.fml.loading.moddiscovery.ModFileInfo/LOADING]: Found valid mod file Xaeros_Minimap_25.2.10_Forge_1.20.jar with {xaerominimap} mods - versions {25.2.10}
[24Jan2026 17:18:25.818] [main/DEBUG] [net.minecraftforge.fml.loading.moddiscovery.ModFile/LOADING]: Loading mod file /workspaces/server1/servidor_minecraft/mods/Xaeros_Minimap_25.2.10_Forge_1.20.jar with languages [LanguageSpec[languageName=javafml, acceptedVersions=[46,48)]]
[24Jan2026 17:18:25.821] [main/DEBUG] [net.minecraftforge.fml.loading.moddiscovery.ModFileParser/LOADING]: Found coremod xaerohud_core with Javascript path META-INF/xaerohud_core.js
[24Jan2026 17:18:25.821] [main/DEBUG] [net.minecraftforge.fml.loading.moddiscovery.ModFile/LOADING]: Found coremod META-INF/xaerohud_core.js
[24Jan2026 17:18:25.821] [main/DEBUG] [net.minecraftforge.fml.loading.moddiscovery.ModFileParser/LOADING]: Considering mod file candidate /workspaces/server1/servidor_minecraft/mods/Structory_1.20.x_v1.3.5.jar
[24Jan2026 17:18:25.822] [main/DEBUG] [net.minecraftforge.fml.loading.moddiscovery.ModFileInfo/LOADING]: Found valid mod file Structory_1.20.x_v1.3.5.jar with {structory} mods - versions {1.3.5}
[24Jan2026 17:18:25.822] [main/DEBUG] [net.minecraftforge.fml.loading.moddiscovery.ModFile/LOADING]: Loading mod file /workspaces/server1/servidor_minecraft/mods/Structory_1.20.x_v1.3.5.jar with languages [LanguageSpec[languageName=lowcodefml, acceptedVersions=[1,)]]
[24Jan2026 17:18:25.822] [main/DEBUG] [net.minecraftforge.fml.loading.moddiscovery.ModFileParser/LOADING]: Considering mod file candidate /workspaces/server1/servidor_minecraft/mods/XaerosWorldMap_1.39.12_Forge_1.20.jar
[24Jan2026 17:18:25.823] [main/DEBUG] [net.minecraftforge.fml.loading.moddiscovery.ModFileInfo/LOADING]: Found valid mod file XaerosWorldMap_1.39.12_Forge_1.20.jar with {xaeroworldmap} mods - versions {1.39.12}
[24Jan2026 17:18:25.824] [main/DEBUG] [net.minecraftforge.fml.loading.moddiscovery.ModFile/LOADING]: Loading mod file /workspaces/server1/servidor_minecraft/mods/XaerosWorldMap_1.39.12_Forge_1.20.jar with languages [LanguageSpec[languageName=javafml, acceptedVersions=[46,48)]]
[24Jan2026 17:18:25.825] [main/DEBUG] [net.minecraftforge.fml.loading.moddiscovery.ModFileParser/LOADING]: Found coremod xaeroworldmap_core with Javascript path META-INF/xaeroworldmap_core.js
[24Jan2026 17:18:25.825] [main/DEBUG] [net.minecraftforge.fml.loading.moddiscovery.ModFile/LOADING]: Found coremod META-INF/xaeroworldmap_core.js
[24Jan2026 17:18:25.825] [main/DEBUG] [net.minecraftforge.fml.loading.moddiscovery.ModFileParser/LOADING]: Considering mod file candidate /workspaces/server1/servidor_minecraft/mods/dungeons-and-taverns-3.0.3.f[Forge].jar
[24Jan2026 17:18:25.826] [main/DEBUG] [net.minecraftforge.fml.loading.moddiscovery.ModFileInfo/LOADING]: Found valid mod file dungeons-and-taverns-3.0.3.f[Forge].jar with {mr_dungeons_andtaverns} mods - versions {3.0.3.f}
[24Jan2026 17:18:25.826] [main/DEBUG] [net.minecraftforge.fml.loading.moddiscovery.ModFile/LOADING]: Loading mod file /workspaces/server1/servidor_minecraft/mods/dungeons-and-taverns-3.0.3.f[Forge].jar with languages [LanguageSpec[languageName=lowcodefml, acceptedVersions=[40,)]]
[24Jan2026 17:18:25.826] [main/DEBUG] [net.minecraftforge.fml.loading.moddiscovery.ModFileParser/LOADING]: Considering mod file candidate /workspaces/server1/servidor_minecraft/mods/everythingcopper-1.20.1-2.3.4.jar
[24Jan2026 17:18:25.829] [main/DEBUG] [net.minecraftforge.fml.loading.moddiscovery.ModFileInfo/LOADING]: Found valid mod file everythingcopper-1.20.1-2.3.4.jar with {everythingcopper} mods - versions {1.20.1-2.3.4}
[24Jan2026 17:18:25.829] [main/DEBUG] [net.minecraftforge.fml.loading.moddiscovery.ModFile/LOADING]: Loading mod file /workspaces/server1/servidor_minecraft/mods/everythingcopper-1.20.1-2.3.4.jar with languages [LanguageSpec[languageName=javafml, acceptedVersions=[46,)]]
[24Jan2026 17:18:25.829] [main/DEBUG] [net.minecraftforge.fml.loading.moddiscovery.ModFileParser/LOADING]: Considering mod file candidate /workspaces/server1/servidor_minecraft/mods/Dungeon Crawl-1.20.1-2.3.15.jar
[24Jan2026 17:18:25.830] [main/DEBUG] [net.minecraftforge.fml.loading.moddiscovery.ModFileInfo/LOADING]: Found valid mod file Dungeon Crawl-1.20.1-2.3.15.jar with {dungeoncrawl} mods - versions {2.3.15}
[24Jan2026 17:18:25.830] [main/DEBUG] [net.minecraftforge.fml.loading.moddiscovery.ModFile/LOADING]: Loading mod file /workspaces/server1/servidor_minecraft/mods/Dungeon Crawl-1.20.1-2.3.15.jar with languages [LanguageSpec[languageName=javafml, acceptedVersions=[47,)]]
[24Jan2026 17:18:25.830] [main/DEBUG] [net.minecraftforge.fml.loading.moddiscovery.ModFileParser/LOADING]: Considering mod file candidate /workspaces/server1/servidor_minecraft/mods/sophisticatedbackpacks-1.20.1-3.24.12.1411.jar
[24Jan2026 17:18:25.832] [main/DEBUG] [net.minecraftforge.fml.loading.moddiscovery.ModFileInfo/LOADING]: Found valid mod file sophisticatedbackpacks-1.20.1-3.24.12.1411.jar with {sophisticatedbackpacks} mods - versions {3.24.12.1411}
[24Jan2026 17:18:25.832] [main/DEBUG] [net.minecraftforge.fml.loading.moddiscovery.ModFile/LOADING]: Loading mod file /workspaces/server1/servidor_minecraft/mods/sophisticatedbackpacks-1.20.1-3.24.12.1411.jar with languages [LanguageSpec[languageName=javafml, acceptedVersions=[47,)]]
[24Jan2026 17:18:25.832] [main/DEBUG] [net.minecraftforge.fml.loading.moddiscovery.ModFileParser/LOADING]: Considering mod file candidate /workspaces/server1/servidor_minecraft/mods/takesapillage-1.0.3-1.20.1.jar
[24Jan2026 17:18:25.833] [main/DEBUG] [net.minecraftforge.fml.loading.moddiscovery.ModFileInfo/LOADING]: Found valid mod file takesapillage-1.0.3-1.20.1.jar with {takesapillage} mods - versions {1.0.3}
[24Jan2026 17:18:25.834] [main/DEBUG] [net.minecraftforge.fml.loading.moddiscovery.ModFile/LOADING]: Loading mod file /workspaces/server1/servidor_minecraft/mods/takesapillage-1.0.3-1.20.1.jar with languages [LanguageSpec[languageName=javafml, acceptedVersions=[46,)]]
[24Jan2026 17:18:25.834] [main/DEBUG] [net.minecraftforge.fml.loading.moddiscovery.ModFileParser/LOADING]: Considering mod file candidate /workspaces/server1/servidor_minecraft/mods/balm-forge-1.20.1-7.3.37-all.jar
[24Jan2026 17:18:25.835] [main/DEBUG] [net.minecraftforge.fml.loading.moddiscovery.ModFileInfo/LOADING]: Found valid mod file balm-forge-1.20.1-7.3.37-all.jar with {balm} mods - versions {7.3.37}
[24Jan2026 17:18:25.835] [main/DEBUG] [net.minecraftforge.fml.loading.moddiscovery.ModFile/LOADING]: Loading mod file /workspaces/server1/servidor_minecraft/mods/balm-forge-1.20.1-7.3.37-all.jar with languages [LanguageSpec[languageName=javafml, acceptedVersions=[46,)]]
[24Jan2026 17:18:25.835] [main/DEBUG] [net.minecraftforge.fml.loading.moddiscovery.ModFileParser/LOADING]: Considering mod file candidate /workspaces/server1/servidor_minecraft/mods/PuzzlesLib-v8.1.33-1.20.1-Forge.jar
[24Jan2026 17:18:25.836] [main/DEBUG] [net.minecraftforge.fml.loading.moddiscovery.ModFileInfo/LOADING]: Found valid mod file PuzzlesLib-v8.1.33-1.20.1-Forge.jar with {puzzleslib} mods - versions {8.1.33}
[24Jan2026 17:18:25.836] [main/DEBUG] [net.minecraftforge.fml.loading.moddiscovery.ModFile/LOADING]: Loading mod file /workspaces/server1/servidor_minecraft/mods/PuzzlesLib-v8.1.33-1.20.1-Forge.jar with languages [LanguageSpec[languageName=javafml, acceptedVersions=[47,)]]
[24Jan2026 17:18:25.837] [main/DEBUG] [net.minecraftforge.fml.loading.moddiscovery.ModFileParser/LOADING]: Considering mod file candidate 
[24Jan2026 17:18:25.838] [main/DEBUG] [net.minecraftforge.fml.loading.moddiscovery.ModFileInfo/LOADING]: Found valid mod file puzzlesaccessapi-forge-20.1.1.jar with {puzzlesaccessapi} mods - versions {20.1.1}
[24Jan2026 17:18:25.838] [main/DEBUG] [net.minecraftforge.fml.loading.moddiscovery.ModFile/LOADING]: Loading mod file  with languages [LanguageSpec[languageName=javafml, acceptedVersions=*]]
[24Jan2026 17:18:25.839] [main/DEBUG] [net.minecraftforge.fml.loading.moddiscovery.ModFileParser/LOADING]: Considering mod file candidate /workspaces/server1/servidor_minecraft/mods/DungeonsAriseSevenSeas-1.20.x-1.0.2-forge.jar
[24Jan2026 17:18:25.839] [main/DEBUG] [net.minecraftforge.fml.loading.moddiscovery.ModFileInfo/LOADING]: Found valid mod file DungeonsAriseSevenSeas-1.20.x-1.0.2-forge.jar with {dungeons_arise_seven_seas} mods - versions {1.0.2}
[24Jan2026 17:18:25.840] [main/DEBUG] [net.minecraftforge.fml.loading.moddiscovery.ModFile/LOADING]: Loading mod file /workspaces/server1/servidor_minecraft/mods/DungeonsAriseSevenSeas-1.20.x-1.0.2-forge.jar with languages [LanguageSpec[languageName=javafml, acceptedVersions=[43,)]]
[24Jan2026 17:18:25.840] [main/DEBUG] [net.minecraftforge.fml.loading.moddiscovery.ModFileParser/LOADING]: Considering mod file candidate /workspaces/server1/servidor_minecraft/libraries/net/minecraftforge/forge/1.20.1-47.3.7/forge-1.20.1-47.3.7-universal.jar
[24Jan2026 17:18:25.840] [main/DEBUG] [net.minecraftforge.fml.loading.moddiscovery.ModFileInfo/LOADING]: Found valid mod file forge-1.20.1-47.3.7-universal.jar with {forge} mods - versions {47.3.7}
[24Jan2026 17:18:25.841] [main/DEBUG] [net.minecraftforge.fml.loading.moddiscovery.ModFile/LOADING]: Loading mod file /workspaces/server1/servidor_minecraft/libraries/net/minecraftforge/forge/1.20.1-47.3.7/forge-1.20.1-47.3.7-universal.jar with languages [LanguageSpec[languageName=javafml, acceptedVersions=[24,]]]
[24Jan2026 17:18:25.842] [main/DEBUG] [net.minecraftforge.fml.loading.moddiscovery.ModFileParser/LOADING]: Found coremod field_to_method with Javascript path coremods/field_to_method.js
[24Jan2026 17:18:25.842] [main/DEBUG] [net.minecraftforge.fml.loading.moddiscovery.ModFileParser/LOADING]: Found coremod field_to_instanceof with Javascript path coremods/field_to_instanceof.js
[24Jan2026 17:18:25.842] [main/DEBUG] [net.minecraftforge.fml.loading.moddiscovery.ModFileParser/LOADING]: Found coremod add_bouncer_method with Javascript path coremods/add_bouncer_method.js
[24Jan2026 17:18:25.844] [main/DEBUG] [net.minecraftforge.fml.loading.moddiscovery.ModFileParser/LOADING]: Found coremod method_redirector with Javascript path coremods/method_redirector.js
[24Jan2026 17:18:25.844] [main/DEBUG] [net.minecraftforge.fml.loading.moddiscovery.ModFile/LOADING]: Found coremod coremods/field_to_method.js
[24Jan2026 17:18:25.844] [main/DEBUG] [net.minecraftforge.fml.loading.moddiscovery.ModFile/LOADING]: Found coremod coremods/field_to_instanceof.js
[24Jan2026 17:18:25.844] [main/DEBUG] [net.minecraftforge.fml.loading.moddiscovery.ModFile/LOADING]: Found coremod coremods/add_bouncer_method.js
[24Jan2026 17:18:25.844] [main/DEBUG] [net.minecraftforge.fml.loading.moddiscovery.ModFile/LOADING]: Found coremod coremods/method_redirector.js
[24Jan2026 17:18:25.844] [main/DEBUG] [net.minecraftforge.fml.loading.moddiscovery.ModFileParser/LOADING]: Considering mod file candidate /workspaces/server1/servidor_minecraft/mods/Towns-and-Towers-1.12-Fabric+Forge.jar
[24Jan2026 17:18:25.845] [main/DEBUG] [net.minecraftforge.fml.loading.moddiscovery.ModFileInfo/LOADING]: Found valid mod file Towns-and-Towers-1.12-Fabric+Forge.jar with {t_and_t} mods - versions {0.0NONE}
[24Jan2026 17:18:25.846] [main/DEBUG] [net.minecraftforge.fml.loading.moddiscovery.ModFile/LOADING]: Loading mod file /workspaces/server1/servidor_minecraft/mods/Towns-and-Towers-1.12-Fabric+Forge.jar with languages [LanguageSpec[languageName=javafml, acceptedVersions=[43,)]]
[24Jan2026 17:18:25.847] [main/DEBUG] [net.minecraftforge.fml.loading.moddiscovery.ModFileParser/LOADING]: Considering mod file candidate /workspaces/server1/servidor_minecraft/mods/EnchantingInfuser-v8.0.3-1.20.1-Forge.jar
[24Jan2026 17:18:25.847] [main/DEBUG] [net.minecraftforge.fml.loading.moddiscovery.ModFileInfo/LOADING]: Found valid mod file EnchantingInfuser-v8.0.3-1.20.1-Forge.jar with {enchantinginfuser} mods - versions {8.0.3}
[24Jan2026 17:18:25.848] [main/DEBUG] [net.minecraftforge.fml.loading.moddiscovery.ModFile/LOADING]: Loading mod file /workspaces/server1/servidor_minecraft/mods/EnchantingInfuser-v8.0.3-1.20.1-Forge.jar with languages [LanguageSpec[languageName=javafml, acceptedVersions=[47,)]]
[24Jan2026 17:18:25.849] [main/DEBUG] [net.minecraftforge.fml.loading.moddiscovery.ModFileParser/LOADING]: Considering mod file candidate /workspaces/server1/servidor_minecraft/mods/DungeonsArise-1.20.x-2.1.58-release.jar
[24Jan2026 17:18:25.850] [main/DEBUG] [net.minecraftforge.fml.loading.moddiscovery.ModFileInfo/LOADING]: Found valid mod file DungeonsArise-1.20.x-2.1.58-release.jar with {dungeons_arise} mods - versions {2.1.58-1.20.x}
[24Jan2026 17:18:25.850] [main/DEBUG] [net.minecraftforge.fml.loading.moddiscovery.ModFile/LOADING]: Loading mod file /workspaces/server1/servidor_minecraft/mods/DungeonsArise-1.20.x-2.1.58-release.jar with languages [LanguageSpec[languageName=javafml, acceptedVersions=[41,)]]
[24Jan2026 17:18:25.850] [main/DEBUG] [net.minecraftforge.fml.loading.moddiscovery.ModFileParser/LOADING]: Considering mod file candidate /workspaces/server1/servidor_minecraft/mods/cristellib-1.1.6-forge.jar
[24Jan2026 17:18:25.851] [main/DEBUG] [net.minecraftforge.fml.loading.moddiscovery.ModFileInfo/LOADING]: Found valid mod file cristellib-1.1.6-forge.jar with {cristellib} mods - versions {1.1.6}
[24Jan2026 17:18:25.852] [main/DEBUG] [net.minecraftforge.fml.loading.moddiscovery.ModFile/LOADING]: Loading mod file /workspaces/server1/servidor_minecraft/mods/cristellib-1.1.6-forge.jar with languages [LanguageSpec[languageName=javafml, acceptedVersions=[47,)]]
[24Jan2026 17:18:25.853] [main/DEBUG] [net.minecraftforge.fml.loading.moddiscovery.ModFile/LOADING]: Loading mod file  with languages []
[24Jan2026 17:18:25.853] [main/DEBUG] [net.minecraftforge.fml.loading.moddiscovery.ModFile/LOADING]: Loading mod file  with languages []
[24Jan2026 17:18:25.853] [main/DEBUG] [net.minecraftforge.fml.loading.moddiscovery.ModFileParser/LOADING]: Considering mod file candidate 
[24Jan2026 17:18:25.853] [main/DEBUG] [net.minecraftforge.fml.loading.moddiscovery.ModFileInfo/LOADING]: Found valid mod file mixinextras-forge-0.4.1.jar with {mixinextras} mods - versions {0.4.1}
[24Jan2026 17:18:25.854] [main/DEBUG] [net.minecraftforge.fml.loading.moddiscovery.ModFile/LOADING]: Loading mod file  with languages [LanguageSpec[languageName=javafml, acceptedVersions=*]]
[24Jan2026 17:18:25.854] [main/DEBUG] [net.minecraftforge.fml.loading.moddiscovery.ModFile/LOADING]: Loading mod file  with languages []
[24Jan2026 17:18:25.854] [main/DEBUG] [net.minecraftforge.fml.loading.moddiscovery.ModFile/LOADING]: Loading mod file  with languages []
[24Jan2026 17:18:25.854] [main/DEBUG] [net.minecraftforge.fml.loading.moddiscovery.ModFile/LOADING]: Loading mod file  with languages []
[24Jan2026 17:18:25.854] [main/DEBUG] [net.minecraftforge.fml.loading.moddiscovery.ModFileParser/LOADING]: Considering mod file candidate 
[24Jan2026 17:18:25.855] [main/DEBUG] [net.minecraftforge.fml.loading.moddiscovery.ModFileInfo/LOADING]: Found valid mod file mixinextras-forge-0.4.1.jar with {mixinextras} mods - versions {0.4.1}
[24Jan2026 17:18:25.856] [main/DEBUG] [net.minecraftforge.fml.loading.moddiscovery.ModFile/LOADING]: Loading mod file  with languages [LanguageSpec[languageName=javafml, acceptedVersions=*]]
[24Jan2026 17:18:25.856] [main/DEBUG] [net.minecraftforge.fml.loading.moddiscovery.ModFile/LOADING]: Loading mod file  with languages []
[24Jan2026 17:18:25.857] [main/DEBUG] [cpw.mods.modlauncher.TransformationServiceDecorator/MODLAUNCHER]: End scan trigger - transformation service fml
[24Jan2026 17:18:25.870] [main/DEBUG] [net.minecraftforge.fml.loading.LanguageLoadingProvider/CORE]: Found 3 language providers
[24Jan2026 17:18:25.871] [main/DEBUG] [net.minecraftforge.fml.loading.LanguageLoadingProvider/CORE]: Found language provider minecraft, version 1.0
[24Jan2026 17:18:25.872] [main/DEBUG] [net.minecraftforge.fml.loading.LanguageLoadingProvider/CORE]: Found language provider lowcodefml, version 47
[24Jan2026 17:18:25.874] [main/DEBUG] [net.minecraftforge.fml.loading.LanguageLoadingProvider/CORE]: Found language provider javafml, version 47
[24Jan2026 17:18:25.884] [main/DEBUG] [net.minecraftforge.fml.loading.UniqueModListBuilder/]: Found 2 mods for first modid mclib, selecting most recent based on version data
[24Jan2026 17:18:25.884] [main/DEBUG] [net.minecraftforge.fml.loading.UniqueModListBuilder/]: Selected file mclib-20.jar for modid mclib with version 0.0NONE
[24Jan2026 17:18:25.885] [main/DEBUG] [net.minecraftforge.fml.loading.UniqueModListBuilder/]: Found 2 mods for first modid jankson, selecting most recent based on version data
[24Jan2026 17:18:25.885] [main/DEBUG] [net.minecraftforge.fml.loading.UniqueModListBuilder/]: Selected file jankson-1.2.3.jar for modid jankson with version 0.0NONE
[24Jan2026 17:18:25.885] [main/DEBUG] [net.minecraftforge.fml.loading.UniqueModListBuilder/]: Found 2 mods for first modid mixinextras, selecting most recent based on version data
[24Jan2026 17:18:25.885] [main/DEBUG] [net.minecraftforge.fml.loading.UniqueModListBuilder/]: Selected file mixinextras-forge-0.4.1.jar for modid mixinextras with version 0.4.1
[24Jan2026 17:18:25.885] [main/DEBUG] [net.minecraftforge.fml.loading.UniqueModListBuilder/]: Found 2 mods for first modid MixinExtras, selecting most recent based on version data
[24Jan2026 17:18:25.886] [main/DEBUG] [net.minecraftforge.fml.loading.UniqueModListBuilder/]: Selected file MixinExtras-0.4.1.jar for modid MixinExtras with version 0.0NONE
[24Jan2026 17:18:25.887] [main/DEBUG] [net.minecraftforge.fml.loading.ModSorter/]: Configured system mods: [minecraft, forge]
[24Jan2026 17:18:25.887] [main/DEBUG] [net.minecraftforge.fml.loading.ModSorter/]: Found system mod: minecraft
[24Jan2026 17:18:25.888] [main/DEBUG] [net.minecraftforge.fml.loading.ModSorter/]: Found system mod: forge
[24Jan2026 17:18:25.891] [main/DEBUG] [net.minecraftforge.fml.loading.ModSorter/LOADING]: Found 56 mod requirements (47 mandatory, 9 optional)
[24Jan2026 17:18:25.892] [main/DEBUG] [net.minecraftforge.fml.loading.ModSorter/LOADING]: Found 0 mod requirements missing (0 mandatory, 0 optional)
[24Jan2026 17:18:26.633] [main/DEBUG] [cpw.mods.modlauncher.TransformationServicesHandler/MODLAUNCHER]: Transformation services loading transformers
[24Jan2026 17:18:26.635] [main/DEBUG] [cpw.mods.modlauncher.TransformationServiceDecorator/MODLAUNCHER]: Initializing transformers for transformation service mixin
[24Jan2026 17:18:26.637] [main/DEBUG] [cpw.mods.modlauncher.TransformationServiceDecorator/MODLAUNCHER]: Initialized transformers for transformation service mixin
[24Jan2026 17:18:26.639] [main/DEBUG] [cpw.mods.modlauncher.TransformationServiceDecorator/MODLAUNCHER]: Initializing transformers for transformation service fml
[24Jan2026 17:18:26.639] [main/DEBUG] [net.minecraftforge.fml.loading.FMLServiceProvider/CORE]: Loading coremod transformers
[24Jan2026 17:18:26.641] [main/DEBUG] [net.minecraftforge.coremod.CoreModEngine/COREMOD]: Loading CoreMod from META-INF/xaerohud_core.js
[24Jan2026 17:18:27.193] [main/DEBUG] [net.minecraftforge.coremod.CoreModEngine/COREMOD]: CoreMod loaded successfully
[24Jan2026 17:18:27.194] [main/DEBUG] [net.minecraftforge.coremod.CoreModEngine/COREMOD]: Loading CoreMod from META-INF/xaeroworldmap_core.js
[24Jan2026 17:18:27.452] [main/DEBUG] [net.minecraftforge.coremod.CoreModEngine/COREMOD]: CoreMod loaded successfully
[24Jan2026 17:18:27.453] [main/DEBUG] [net.minecraftforge.coremod.CoreModEngine/COREMOD]: Loading CoreMod from coremods/field_to_method.js
[24Jan2026 17:18:27.549] [main/DEBUG] [net.minecraftforge.coremod.CoreModEngine/COREMOD]: CoreMod loaded successfully
[24Jan2026 17:18:27.553] [main/DEBUG] [net.minecraftforge.coremod.CoreModEngine/COREMOD]: Loading CoreMod from coremods/field_to_instanceof.js
[24Jan2026 17:18:27.683] [main/DEBUG] [net.minecraftforge.coremod.CoreModEngine/COREMOD]: CoreMod loaded successfully
[24Jan2026 17:18:27.689] [main/DEBUG] [net.minecraftforge.coremod.CoreModEngine/COREMOD]: Loading CoreMod from coremods/add_bouncer_method.js
[24Jan2026 17:18:27.761] [main/DEBUG] [net.minecraftforge.coremod.CoreModEngine/COREMOD]: CoreMod loaded successfully
[24Jan2026 17:18:27.761] [main/DEBUG] [net.minecraftforge.coremod.CoreModEngine/COREMOD]: Loading CoreMod from coremods/method_redirector.js
[24Jan2026 17:18:27.913] [main/DEBUG] [net.minecraftforge.coremod.CoreModEngine/COREMOD]: CoreMod loaded successfully
[24Jan2026 17:18:27.934] [main/DEBUG] [cpw.mods.modlauncher.TransformStore/MODLAUNCHER]: Adding transformer net.minecraftforge.coremod.transformer.CoreModMethodTransformer@6cd15072 to Target : METHOD {Lnet/minecraft/client/ToggleKeyMapping;} {m_90857_} {()Z}
[24Jan2026 17:18:27.938] [main/DEBUG] [cpw.mods.modlauncher.TransformStore/MODLAUNCHER]: Adding transformer net.minecraftforge.coremod.transformer.CoreModClassTransformer@40ac6b76 to Target : CLASS {Lnet/minecraft/world/level/biome/Biome;} {} {V}
[24Jan2026 17:18:27.940] [main/DEBUG] [cpw.mods.modlauncher.TransformStore/MODLAUNCHER]: Adding transformer net.minecraftforge.coremod.transformer.CoreModClassTransformer@7980cf2c to Target : CLASS {Lnet/minecraft/world/level/levelgen/structure/Structure;} {} {V}
[24Jan2026 17:18:27.940] [main/DEBUG] [cpw.mods.modlauncher.TransformStore/MODLAUNCHER]: Adding transformer net.minecraftforge.coremod.transformer.CoreModClassTransformer@f0020b1 to Target : CLASS {Lnet/minecraft/world/effect/MobEffectInstance;} {} {V}
[24Jan2026 17:18:27.941] [main/DEBUG] [cpw.mods.modlauncher.TransformStore/MODLAUNCHER]: Adding transformer net.minecraftforge.coremod.transformer.CoreModClassTransformer@759de304 to Target : CLASS {Lnet/minecraft/world/level/block/LiquidBlock;} {} {V}
[24Jan2026 17:18:27.942] [main/DEBUG] [cpw.mods.modlauncher.TransformStore/MODLAUNCHER]: Adding transformer net.minecraftforge.coremod.transformer.CoreModClassTransformer@5649d11a to Target : CLASS {Lnet/minecraft/world/item/BucketItem;} {} {V}
[24Jan2026 17:18:27.942] [main/DEBUG] [cpw.mods.modlauncher.TransformStore/MODLAUNCHER]: Adding transformer net.minecraftforge.coremod.transformer.CoreModClassTransformer@294f9d50 to Target : CLASS {Lnet/minecraft/world/level/block/StairBlock;} {} {V}
[24Jan2026 17:18:27.942] [main/DEBUG] [cpw.mods.modlauncher.TransformStore/MODLAUNCHER]: Adding transformer net.minecraftforge.coremod.transformer.CoreModClassTransformer@27443560 to Target : CLASS {Lnet/minecraft/world/level/block/FlowerPotBlock;} {} {V}
[24Jan2026 17:18:27.942] [main/DEBUG] [cpw.mods.modlauncher.TransformStore/MODLAUNCHER]: Adding transformer net.minecraftforge.coremod.transformer.CoreModClassTransformer@3ddb774f to Target : CLASS {Lnet/minecraft/world/item/ItemStack;} {} {V}
[24Jan2026 17:18:27.942] [main/DEBUG] [cpw.mods.modlauncher.TransformStore/MODLAUNCHER]: Adding transformer net.minecraftforge.coremod.transformer.CoreModClassTransformer@2582b0ef to Target : CLASS {Lnet/minecraft/network/play/client/CClientSettingsPacket;} {} {V}
[24Jan2026 17:18:27.942] [main/DEBUG] [cpw.mods.modlauncher.TransformStore/MODLAUNCHER]: Adding transformer net.minecraftforge.coremod.transformer.CoreModClassTransformer@70721c12 to Target : CLASS {Lnet/minecraft/world/entity/animal/horse/SkeletonTrapGoal;} {} {V}
[24Jan2026 17:18:27.942] [main/DEBUG] [cpw.mods.modlauncher.TransformStore/MODLAUNCHER]: Adding transformer net.minecraftforge.coremod.transformer.CoreModClassTransformer@70721c12 to Target : CLASS {Lnet/minecraft/world/entity/monster/Strider;} {} {V}
[24Jan2026 17:18:27.946] [main/DEBUG] [cpw.mods.modlauncher.TransformStore/MODLAUNCHER]: Adding transformer net.minecraftforge.coremod.transformer.CoreModClassTransformer@70721c12 to Target : CLASS {Lnet/minecraft/server/commands/SummonCommand;} {} {V}
[24Jan2026 17:18:27.946] [main/DEBUG] [cpw.mods.modlauncher.TransformStore/MODLAUNCHER]: Adding transformer net.minecraftforge.coremod.transformer.CoreModClassTransformer@70721c12 to Target : CLASS {Lnet/minecraft/world/entity/monster/Zombie;} {} {V}
[24Jan2026 17:18:27.946] [main/DEBUG] [cpw.mods.modlauncher.TransformStore/MODLAUNCHER]: Adding transformer net.minecraftforge.coremod.transformer.CoreModClassTransformer@70721c12 to Target : CLASS {Lnet/minecraft/world/level/levelgen/PhantomSpawner;} {} {V}
[24Jan2026 17:18:27.947] [main/DEBUG] [cpw.mods.modlauncher.TransformStore/MODLAUNCHER]: Adding transformer net.minecraftforge.coremod.transformer.CoreModClassTransformer@70721c12 to Target : CLASS {Lnet/minecraft/world/entity/monster/ZombieVillager;} {} {V}
[24Jan2026 17:18:27.947] [main/DEBUG] [cpw.mods.modlauncher.TransformStore/MODLAUNCHER]: Adding transformer net.minecraftforge.coremod.transformer.CoreModClassTransformer@70721c12 to Target : CLASS {Lnet/minecraft/world/entity/animal/frog/Tadpole;} {} {V}
[24Jan2026 17:18:27.947] [main/DEBUG] [cpw.mods.modlauncher.TransformStore/MODLAUNCHER]: Adding transformer net.minecraftforge.coremod.transformer.CoreModClassTransformer@70721c12 to Target : CLASS {Lnet/minecraft/world/entity/npc/Villager;} {} {V}
[24Jan2026 17:18:27.947] [main/DEBUG] [cpw.mods.modlauncher.TransformStore/MODLAUNCHER]: Adding transformer net.minecraftforge.coremod.transformer.CoreModClassTransformer@70721c12 to Target : CLASS {Lnet/minecraft/server/commands/RaidCommand;} {} {V}
[24Jan2026 17:18:27.950] [main/DEBUG] [cpw.mods.modlauncher.TransformStore/MODLAUNCHER]: Adding transformer net.minecraftforge.coremod.transformer.CoreModClassTransformer@70721c12 to Target : CLASS {Lnet/minecraft/world/entity/monster/Evoker$EvokerSummonSpellGoal;} {} {V}
[24Jan2026 17:18:27.950] [main/DEBUG] [cpw.mods.modlauncher.TransformStore/MODLAUNCHER]: Adding transformer net.minecraftforge.coremod.transformer.CoreModClassTransformer@70721c12 to Target : CLASS {Lnet/minecraft/world/level/levelgen/structure/structures/OceanMonumentPieces$OceanMonumentPiece;} {} {V}
[24Jan2026 17:18:27.950] [main/DEBUG] [cpw.mods.modlauncher.TransformStore/MODLAUNCHER]: Adding transformer net.minecraftforge.coremod.transformer.CoreModClassTransformer@70721c12 to Target : CLASS {Lnet/minecraft/world/entity/npc/CatSpawner;} {} {V}
[24Jan2026 17:18:27.950] [main/DEBUG] [cpw.mods.modlauncher.TransformStore/MODLAUNCHER]: Adding transformer net.minecraftforge.coremod.transformer.CoreModClassTransformer@70721c12 to Target : CLASS {Lnet/minecraft/world/level/levelgen/structure/structures/WoodlandMansionPieces$WoodlandMansionPiece;} {} {V}
[24Jan2026 17:18:27.951] [main/DEBUG] [cpw.mods.modlauncher.TransformStore/MODLAUNCHER]: Adding transformer net.minecraftforge.coremod.transformer.CoreModClassTransformer@70721c12 to Target : CLASS {Lnet/minecraft/world/level/levelgen/PatrolSpawner;} {} {V}
[24Jan2026 17:18:27.951] [main/DEBUG] [cpw.mods.modlauncher.TransformStore/MODLAUNCHER]: Adding transformer net.minecraftforge.coremod.transformer.CoreModClassTransformer@70721c12 to Target : CLASS {Lnet/minecraft/world/entity/monster/Spider;} {} {V}
[24Jan2026 17:18:27.951] [main/DEBUG] [cpw.mods.modlauncher.TransformStore/MODLAUNCHER]: Adding transformer net.minecraftforge.coremod.transformer.CoreModClassTransformer@70721c12 to Target : CLASS {Lnet/minecraft/world/level/NaturalSpawner;} {} {V}
[24Jan2026 17:18:27.951] [main/DEBUG] [cpw.mods.modlauncher.TransformStore/MODLAUNCHER]: Adding transformer net.minecraftforge.coremod.transformer.CoreModClassTransformer@70721c12 to Target : CLASS {Lnet/minecraft/world/level/levelgen/structure/structures/OceanRuinPieces$OceanRuinPiece;} {} {V}
[24Jan2026 17:18:27.951] [main/DEBUG] [cpw.mods.modlauncher.TransformStore/MODLAUNCHER]: Adding transformer net.minecraftforge.coremod.transformer.CoreModClassTransformer@70721c12 to Target : CLASS {Lnet/minecraft/world/entity/raid/Raid;} {} {V}
[24Jan2026 17:18:27.951] [main/DEBUG] [cpw.mods.modlauncher.TransformStore/MODLAUNCHER]: Adding transformer net.minecraftforge.coremod.transformer.CoreModClassTransformer@70721c12 to Target : CLASS {Lnet/minecraft/world/entity/EntityType;} {} {V}
[24Jan2026 17:18:27.951] [main/DEBUG] [cpw.mods.modlauncher.TransformStore/MODLAUNCHER]: Adding transformer net.minecraftforge.coremod.transformer.CoreModClassTransformer@70721c12 to Target : CLASS {Lnet/minecraft/world/entity/ai/village/VillageSiege;} {} {V}
[24Jan2026 17:18:27.951] [main/DEBUG] [cpw.mods.modlauncher.TransformStore/MODLAUNCHER]: Adding transformer net.minecraftforge.coremod.transformer.CoreModClassTransformer@70721c12 to Target : CLASS {Lnet/minecraft/world/level/levelgen/structure/structures/SwampHutPiece;} {} {V}
[24Jan2026 17:18:27.951] [main/DEBUG] [cpw.mods.modlauncher.TransformStore/MODLAUNCHER]: Adding transformer net.minecraftforge.coremod.transformer.CoreModClassTransformer@70721c12 to Target : CLASS {Lnet/minecraft/world/level/levelgen/structure/templatesystem/StructureTemplate;} {} {V}
[24Jan2026 17:18:27.954] [main/DEBUG] [cpw.mods.modlauncher.TransformationServiceDecorator/MODLAUNCHER]: Initialized transformers for transformation service fml
[24Jan2026 17:18:29.578] [main/DEBUG] [mixin/]: Processing prepare() for PlatformAgent[MixinPlatformAgentDefault:ModLauncher Root Container(ModLauncher:4f56a0a2)]
[24Jan2026 17:18:29.580] [main/DEBUG] [mixin/]: Processing launch tasks for PlatformAgent[MixinPlatformAgentDefault:ModLauncher Root Container(ModLauncher:4f56a0a2)]
[24Jan2026 17:18:29.581] [main/DEBUG] [mixin/]: Adding mixin platform agents for container SecureJarResource(minecraft)
[24Jan2026 17:18:29.581] [main/DEBUG] [mixin/]: Instancing new MixinPlatformAgentMinecraftForge for SecureJarResource(minecraft)
[24Jan2026 17:18:29.582] [main/DEBUG] [mixin/]: MixinPlatformAgentMinecraftForge rejected container SecureJarResource(minecraft)
[24Jan2026 17:18:29.582] [main/DEBUG] [mixin/]: Instancing new MixinPlatformAgentDefault for SecureJarResource(minecraft)
[24Jan2026 17:18:29.583] [main/DEBUG] [mixin/]: MixinPlatformAgentDefault accepted container SecureJarResource(minecraft)
[24Jan2026 17:18:29.583] [main/DEBUG] [mixin/]: Processing prepare() for PlatformAgent[MixinPlatformAgentDefault:SecureJarResource(minecraft)]
[24Jan2026 17:18:29.583] [main/DEBUG] [mixin/]: Adding mixin platform agents for container SecureJarResource(kuma_api)
[24Jan2026 17:18:29.585] [main/DEBUG] [mixin/]: Instancing new MixinPlatformAgentMinecraftForge for SecureJarResource(kuma_api)
[24Jan2026 17:18:29.585] [main/DEBUG] [mixin/]: MixinPlatformAgentMinecraftForge rejected container SecureJarResource(kuma_api)
[24Jan2026 17:18:29.586] [main/DEBUG] [mixin/]: Instancing new MixinPlatformAgentDefault for SecureJarResource(kuma_api)
[24Jan2026 17:18:29.586] [main/DEBUG] [mixin/]: MixinPlatformAgentDefault accepted container SecureJarResource(kuma_api)
[24Jan2026 17:18:29.586] [main/DEBUG] [mixin/]: Processing prepare() for PlatformAgent[MixinPlatformAgentDefault:SecureJarResource(kuma_api)]
[24Jan2026 17:18:29.587] [main/DEBUG] [mixin/]: Registering mixin config: kuma_api.mixins.json
[24Jan2026 17:18:29.622] [main/DEBUG] [mixin/]: Compatibility level JAVA_17 specified by kuma_api.mixins.json is higher than the maximum level supported by this version of mixin (JAVA_13).
[24Jan2026 17:18:29.630] [main/INFO] [mixin/]: Compatibility level set to JAVA_17
[24Jan2026 17:18:29.632] [main/DEBUG] [mixin/]: Registering mixin config: kuma_api.forge.mixins.json
[24Jan2026 17:18:29.636] [main/DEBUG] [mixin/]: Adding mixin platform agents for container SecureJarResource(trashslot)
[24Jan2026 17:18:29.637] [main/DEBUG] [mixin/]: Instancing new MixinPlatformAgentMinecraftForge for SecureJarResource(trashslot)
[24Jan2026 17:18:29.637] [main/DEBUG] [mixin/]: MixinPlatformAgentMinecraftForge rejected container SecureJarResource(trashslot)
[24Jan2026 17:18:29.637] [main/DEBUG] [mixin/]: Instancing new MixinPlatformAgentDefault for SecureJarResource(trashslot)
[24Jan2026 17:18:29.638] [main/DEBUG] [mixin/]: MixinPlatformAgentDefault accepted container SecureJarResource(trashslot)
[24Jan2026 17:18:29.639] [main/DEBUG] [mixin/]: Processing prepare() for PlatformAgent[MixinPlatformAgentDefault:SecureJarResource(trashslot)]
[24Jan2026 17:18:29.640] [main/DEBUG] [mixin/]: Registering mixin config: trashslot.mixins.json
[24Jan2026 17:18:29.642] [main/DEBUG] [mixin/]: Adding mixin platform agents for container SecureJarResource(mutantmonsters)
[24Jan2026 17:18:29.642] [main/DEBUG] [mixin/]: Instancing new MixinPlatformAgentMinecraftForge for SecureJarResource(mutantmonsters)
[24Jan2026 17:18:29.644] [main/DEBUG] [mixin/]: MixinPlatformAgentMinecraftForge rejected container SecureJarResource(mutantmonsters)
[24Jan2026 17:18:29.644] [main/DEBUG] [mixin/]: Instancing new MixinPlatformAgentDefault for SecureJarResource(mutantmonsters)
[24Jan2026 17:18:29.645] [main/DEBUG] [mixin/]: MixinPlatformAgentDefault accepted container SecureJarResource(mutantmonsters)
[24Jan2026 17:18:29.646] [main/DEBUG] [mixin/]: Processing prepare() for PlatformAgent[MixinPlatformAgentDefault:SecureJarResource(mutantmonsters)]
[24Jan2026 17:18:29.646] [main/DEBUG] [mixin/]: Registering mixin config: mutantmonsters.common.mixins.json
[24Jan2026 17:18:29.651] [main/DEBUG] [mixin/]: Adding mixin platform agents for container SecureJarResource(geckolib)
[24Jan2026 17:18:29.652] [main/DEBUG] [mixin/]: Instancing new MixinPlatformAgentMinecraftForge for SecureJarResource(geckolib)
[24Jan2026 17:18:29.652] [main/DEBUG] [mixin/]: MixinPlatformAgentMinecraftForge rejected container SecureJarResource(geckolib)
[24Jan2026 17:18:29.653] [main/DEBUG] [mixin/]: Instancing new MixinPlatformAgentDefault for SecureJarResource(geckolib)
[24Jan2026 17:18:29.654] [main/DEBUG] [mixin/]: MixinPlatformAgentDefault accepted container SecureJarResource(geckolib)
[24Jan2026 17:18:29.654] [main/DEBUG] [mixin/]: Processing prepare() for PlatformAgent[MixinPlatformAgentDefault:SecureJarResource(geckolib)]
[24Jan2026 17:18:29.654] [main/DEBUG] [mixin/]: Registering mixin config: geckolib.mixins.json
[24Jan2026 17:18:29.657] [main/DEBUG] [mixin/]: Adding mixin platform agents for container SecureJarResource(jei)
[24Jan2026 17:18:29.660] [main/DEBUG] [mixin/]: Instancing new MixinPlatformAgentMinecraftForge for SecureJarResource(jei)
[24Jan2026 17:18:29.660] [main/DEBUG] [mixin/]: MixinPlatformAgentMinecraftForge rejected container SecureJarResource(jei)
[24Jan2026 17:18:29.661] [main/DEBUG] [mixin/]: Instancing new MixinPlatformAgentDefault for SecureJarResource(jei)
[24Jan2026 17:18:29.661] [main/DEBUG] [mixin/]: MixinPlatformAgentDefault accepted container SecureJarResource(jei)
[24Jan2026 17:18:29.662] [main/DEBUG] [mixin/]: Processing prepare() for PlatformAgent[MixinPlatformAgentDefault:SecureJarResource(jei)]
[24Jan2026 17:18:29.662] [main/DEBUG] [mixin/]: Adding mixin platform agents for container SecureJarResource(born_in_chaos_v1)
[24Jan2026 17:18:29.662] [main/DEBUG] [mixin/]: Instancing new MixinPlatformAgentMinecraftForge for SecureJarResource(born_in_chaos_v1)
[24Jan2026 17:18:29.663] [main/DEBUG] [mixin/]: MixinPlatformAgentMinecraftForge rejected container SecureJarResource(born_in_chaos_v1)
[24Jan2026 17:18:29.663] [main/DEBUG] [mixin/]: Instancing new MixinPlatformAgentDefault for SecureJarResource(born_in_chaos_v1)
[24Jan2026 17:18:29.663] [main/DEBUG] [mixin/]: MixinPlatformAgentDefault accepted container SecureJarResource(born_in_chaos_v1)
[24Jan2026 17:18:29.663] [main/DEBUG] [mixin/]: Processing prepare() for PlatformAgent[MixinPlatformAgentDefault:SecureJarResource(born_in_chaos_v1)]
[24Jan2026 17:18:29.663] [main/DEBUG] [mixin/]: Adding mixin platform agents for container SecureJarResource(incendium)
[24Jan2026 17:18:29.664] [main/DEBUG] [mixin/]: Instancing new MixinPlatformAgentMinecraftForge for SecureJarResource(incendium)
[24Jan2026 17:18:29.664] [main/DEBUG] [mixin/]: MixinPlatformAgentMinecraftForge rejected container SecureJarResource(incendium)
[24Jan2026 17:18:29.664] [main/DEBUG] [mixin/]: Instancing new MixinPlatformAgentDefault for SecureJarResource(incendium)
[24Jan2026 17:18:29.664] [main/DEBUG] [mixin/]: MixinPlatformAgentDefault accepted container SecureJarResource(incendium)
[24Jan2026 17:18:29.664] [main/DEBUG] [mixin/]: Processing prepare() for PlatformAgent[MixinPlatformAgentDefault:SecureJarResource(incendium)]
[24Jan2026 17:18:29.664] [main/DEBUG] [mixin/]: Adding mixin platform agents for container SecureJarResource(sophisticatedcore)
[24Jan2026 17:18:29.664] [main/DEBUG] [mixin/]: Instancing new MixinPlatformAgentMinecraftForge for SecureJarResource(sophisticatedcore)
[24Jan2026 17:18:29.664] [main/DEBUG] [mixin/]: MixinPlatformAgentMinecraftForge rejected container SecureJarResource(sophisticatedcore)
[24Jan2026 17:18:29.664] [main/DEBUG] [mixin/]: Instancing new MixinPlatformAgentDefault for SecureJarResource(sophisticatedcore)
[24Jan2026 17:18:29.667] [main/DEBUG] [mixin/]: MixinPlatformAgentDefault accepted container SecureJarResource(sophisticatedcore)
[24Jan2026 17:18:29.667] [main/DEBUG] [mixin/]: Processing prepare() for PlatformAgent[MixinPlatformAgentDefault:SecureJarResource(sophisticatedcore)]
[24Jan2026 17:18:29.667] [main/DEBUG] [mixin/]: Adding mixin platform agents for container SecureJarResource(xaerominimap)
[24Jan2026 17:18:29.667] [main/DEBUG] [mixin/]: Instancing new MixinPlatformAgentMinecraftForge for SecureJarResource(xaerominimap)
[24Jan2026 17:18:29.667] [main/DEBUG] [mixin/]: MixinPlatformAgentMinecraftForge rejected container SecureJarResource(xaerominimap)
[24Jan2026 17:18:29.667] [main/DEBUG] [mixin/]: Instancing new MixinPlatformAgentDefault for SecureJarResource(xaerominimap)
[24Jan2026 17:18:29.668] [main/DEBUG] [mixin/]: MixinPlatformAgentDefault accepted container SecureJarResource(xaerominimap)
[24Jan2026 17:18:29.668] [main/DEBUG] [mixin/]: Processing prepare() for PlatformAgent[MixinPlatformAgentDefault:SecureJarResource(xaerominimap)]
[24Jan2026 17:18:29.668] [main/DEBUG] [mixin/]: Registering mixin config: xaerohud.mixins.json
[24Jan2026 17:18:29.672] [main/DEBUG] [mixin/]: Registering mixin config: xaerohud.forge.mixins.json
[24Jan2026 17:18:29.676] [main/DEBUG] [mixin/]: Registering mixin config: xaerominimap.mixins.json
[24Jan2026 17:18:29.678] [main/DEBUG] [mixin/]: Registering mixin config: xaerominimap.forge.mixins.json
[24Jan2026 17:18:29.684] [main/DEBUG] [mixin/]: Adding mixin platform agents for container SecureJarResource(structory)
[24Jan2026 17:18:29.684] [main/DEBUG] [mixin/]: Instancing new MixinPlatformAgentMinecraftForge for SecureJarResource(structory)
[24Jan2026 17:18:29.684] [main/DEBUG] [mixin/]: MixinPlatformAgentMinecraftForge rejected container SecureJarResource(structory)
[24Jan2026 17:18:29.684] [main/DEBUG] [mixin/]: Instancing new MixinPlatformAgentDefault for SecureJarResource(structory)
[24Jan2026 17:18:29.684] [main/DEBUG] [mixin/]: MixinPlatformAgentDefault accepted container SecureJarResource(structory)
[24Jan2026 17:18:29.685] [main/DEBUG] [mixin/]: Processing prepare() for PlatformAgent[MixinPlatformAgentDefault:SecureJarResource(structory)]
[24Jan2026 17:18:29.685] [main/DEBUG] [mixin/]: Adding mixin platform agents for container SecureJarResource(xaeroworldmap)
[24Jan2026 17:18:29.685] [main/DEBUG] [mixin/]: Instancing new MixinPlatformAgentMinecraftForge for SecureJarResource(xaeroworldmap)
[24Jan2026 17:18:29.685] [main/DEBUG] [mixin/]: MixinPlatformAgentMinecraftForge rejected container SecureJarResource(xaeroworldmap)
[24Jan2026 17:18:29.685] [main/DEBUG] [mixin/]: Instancing new MixinPlatformAgentDefault for SecureJarResource(xaeroworldmap)
[24Jan2026 17:18:29.685] [main/DEBUG] [mixin/]: MixinPlatformAgentDefault accepted container SecureJarResource(xaeroworldmap)
[24Jan2026 17:18:29.685] [main/DEBUG] [mixin/]: Processing prepare() for PlatformAgent[MixinPlatformAgentDefault:SecureJarResource(xaeroworldmap)]
[24Jan2026 17:18:29.685] [main/DEBUG] [mixin/]: Registering mixin config: xaeroworldmap.mixins.json
[24Jan2026 17:18:29.689] [main/DEBUG] [mixin/]: Registering mixin config: xaeroworldmap.forge.mixins.json
[24Jan2026 17:18:29.692] [main/DEBUG] [mixin/]: Adding mixin platform agents for container SecureJarResource(everythingcopper)
[24Jan2026 17:18:29.692] [main/DEBUG] [mixin/]: Instancing new MixinPlatformAgentMinecraftForge for SecureJarResource(everythingcopper)
[24Jan2026 17:18:29.692] [main/DEBUG] [mixin/]: MixinPlatformAgentMinecraftForge rejected container SecureJarResource(everythingcopper)
[24Jan2026 17:18:29.692] [main/DEBUG] [mixin/]: Instancing new MixinPlatformAgentDefault for SecureJarResource(everythingcopper)
[24Jan2026 17:18:29.692] [main/DEBUG] [mixin/]: MixinPlatformAgentDefault accepted container SecureJarResource(everythingcopper)
[24Jan2026 17:18:29.693] [main/DEBUG] [mixin/]: Processing prepare() for PlatformAgent[MixinPlatformAgentDefault:SecureJarResource(everythingcopper)]
[24Jan2026 17:18:29.693] [main/DEBUG] [mixin/]: Adding mixin platform agents for container SecureJarResource(mr_dungeons_andtaverns)
[24Jan2026 17:18:29.693] [main/DEBUG] [mixin/]: Instancing new MixinPlatformAgentMinecraftForge for SecureJarResource(mr_dungeons_andtaverns)
[24Jan2026 17:18:29.693] [main/DEBUG] [mixin/]: MixinPlatformAgentMinecraftForge rejected container SecureJarResource(mr_dungeons_andtaverns)
[24Jan2026 17:18:29.695] [main/DEBUG] [mixin/]: Instancing new MixinPlatformAgentDefault for SecureJarResource(mr_dungeons_andtaverns)
[24Jan2026 17:18:29.696] [main/DEBUG] [mixin/]: MixinPlatformAgentDefault accepted container SecureJarResource(mr_dungeons_andtaverns)
[24Jan2026 17:18:29.696] [main/DEBUG] [mixin/]: Processing prepare() for PlatformAgent[MixinPlatformAgentDefault:SecureJarResource(mr_dungeons_andtaverns)]
[24Jan2026 17:18:29.696] [main/DEBUG] [mixin/]: Adding mixin platform agents for container SecureJarResource(mixinextras)
[24Jan2026 17:18:29.696] [main/DEBUG] [mixin/]: Instancing new MixinPlatformAgentMinecraftForge for SecureJarResource(mixinextras)
[24Jan2026 17:18:29.696] [main/DEBUG] [mixin/]: MixinPlatformAgentMinecraftForge rejected container SecureJarResource(mixinextras)
[24Jan2026 17:18:29.696] [main/DEBUG] [mixin/]: Instancing new MixinPlatformAgentDefault for SecureJarResource(mixinextras)
[24Jan2026 17:18:29.696] [main/DEBUG] [mixin/]: MixinPlatformAgentDefault accepted container SecureJarResource(mixinextras)
[24Jan2026 17:18:29.696] [main/DEBUG] [mixin/]: Processing prepare() for PlatformAgent[MixinPlatformAgentDefault:SecureJarResource(mixinextras)]
[24Jan2026 17:18:29.696] [main/DEBUG] [mixin/]: Registering mixin config: mixinextras.init.mixins.json
[24Jan2026 17:18:29.699] [main/DEBUG] [mixin/]: Adding mixin platform agents for container SecureJarResource(dungeoncrawl)
[24Jan2026 17:18:29.700] [main/DEBUG] [mixin/]: Instancing new MixinPlatformAgentMinecraftForge for SecureJarResource(dungeoncrawl)
[24Jan2026 17:18:29.700] [main/DEBUG] [mixin/]: MixinPlatformAgentMinecraftForge rejected container SecureJarResource(dungeoncrawl)
[24Jan2026 17:18:29.700] [main/DEBUG] [mixin/]: Instancing new MixinPlatformAgentDefault for SecureJarResource(dungeoncrawl)
[24Jan2026 17:18:29.700] [main/DEBUG] [mixin/]: MixinPlatformAgentDefault accepted container SecureJarResource(dungeoncrawl)
[24Jan2026 17:18:29.700] [main/DEBUG] [mixin/]: Processing prepare() for PlatformAgent[MixinPlatformAgentDefault:SecureJarResource(dungeoncrawl)]
[24Jan2026 17:18:29.700] [main/DEBUG] [mixin/]: Adding mixin platform agents for container SecureJarResource(sophisticatedbackpacks)
[24Jan2026 17:18:29.700] [main/DEBUG] [mixin/]: Instancing new MixinPlatformAgentMinecraftForge for SecureJarResource(sophisticatedbackpacks)
[24Jan2026 17:18:29.700] [main/DEBUG] [mixin/]: MixinPlatformAgentMinecraftForge rejected container SecureJarResource(sophisticatedbackpacks)
[24Jan2026 17:18:29.700] [main/DEBUG] [mixin/]: Instancing new MixinPlatformAgentDefault for SecureJarResource(sophisticatedbackpacks)
[24Jan2026 17:18:29.701] [main/DEBUG] [mixin/]: MixinPlatformAgentDefault accepted container SecureJarResource(sophisticatedbackpacks)
[24Jan2026 17:18:29.702] [main/DEBUG] [mixin/]: Processing prepare() for PlatformAgent[MixinPlatformAgentDefault:SecureJarResource(sophisticatedbackpacks)]
[24Jan2026 17:18:29.702] [main/DEBUG] [mixin/]: Adding mixin platform agents for container SecureJarResource(takesapillage)
[24Jan2026 17:18:29.702] [main/DEBUG] [mixin/]: Instancing new MixinPlatformAgentMinecraftForge for SecureJarResource(takesapillage)
[24Jan2026 17:18:29.702] [main/DEBUG] [mixin/]: MixinPlatformAgentMinecraftForge rejected container SecureJarResource(takesapillage)
[24Jan2026 17:18:29.702] [main/DEBUG] [mixin/]: Instancing new MixinPlatformAgentDefault for SecureJarResource(takesapillage)
[24Jan2026 17:18:29.702] [main/DEBUG] [mixin/]: MixinPlatformAgentDefault accepted container SecureJarResource(takesapillage)
[24Jan2026 17:18:29.702] [main/DEBUG] [mixin/]: Processing prepare() for PlatformAgent[MixinPlatformAgentDefault:SecureJarResource(takesapillage)]
[24Jan2026 17:18:29.702] [main/DEBUG] [mixin/]: Registering mixin config: takesapillage.mixins.json
[24Jan2026 17:18:29.705] [main/DEBUG] [mixin/]: Adding mixin platform agents for container SecureJarResource(balm)
[24Jan2026 17:18:29.705] [main/DEBUG] [mixin/]: Instancing new MixinPlatformAgentMinecraftForge for SecureJarResource(balm)
[24Jan2026 17:18:29.705] [main/DEBUG] [mixin/]: MixinPlatformAgentMinecraftForge rejected container SecureJarResource(balm)
[24Jan2026 17:18:29.705] [main/DEBUG] [mixin/]: Instancing new MixinPlatformAgentDefault for SecureJarResource(balm)
[24Jan2026 17:18:29.705] [main/DEBUG] [mixin/]: MixinPlatformAgentDefault accepted container SecureJarResource(balm)
[24Jan2026 17:18:29.705] [main/DEBUG] [mixin/]: Processing prepare() for PlatformAgent[MixinPlatformAgentDefault:SecureJarResource(balm)]
[24Jan2026 17:18:29.705] [main/DEBUG] [mixin/]: Registering mixin config: balm.mixins.json
[24Jan2026 17:18:29.708] [main/DEBUG] [mixin/]: Adding mixin platform agents for container SecureJarResource(puzzleslib)
[24Jan2026 17:18:29.708] [main/DEBUG] [mixin/]: Instancing new MixinPlatformAgentMinecraftForge for SecureJarResource(puzzleslib)
[24Jan2026 17:18:29.708] [main/DEBUG] [mixin/]: MixinPlatformAgentMinecraftForge rejected container SecureJarResource(puzzleslib)
[24Jan2026 17:18:29.708] [main/DEBUG] [mixin/]: Instancing new MixinPlatformAgentDefault for SecureJarResource(puzzleslib)
[24Jan2026 17:18:29.708] [main/DEBUG] [mixin/]: MixinPlatformAgentDefault accepted container SecureJarResource(puzzleslib)
[24Jan2026 17:18:29.709] [main/DEBUG] [mixin/]: Processing prepare() for PlatformAgent[MixinPlatformAgentDefault:SecureJarResource(puzzleslib)]
[24Jan2026 17:18:29.709] [main/DEBUG] [mixin/]: Registering mixin config: puzzleslib.common.mixins.json
[24Jan2026 17:18:29.711] [main/DEBUG] [mixin/]: Registering mixin config: puzzleslib.forge.mixins.json
[24Jan2026 17:18:29.715] [main/DEBUG] [mixin/]: Adding mixin platform agents for container SecureJarResource(puzzlesaccessapi)
[24Jan2026 17:18:29.715] [main/DEBUG] [mixin/]: Instancing new MixinPlatformAgentMinecraftForge for SecureJarResource(puzzlesaccessapi)
[24Jan2026 17:18:29.715] [main/DEBUG] [mixin/]: MixinPlatformAgentMinecraftForge rejected container SecureJarResource(puzzlesaccessapi)
[24Jan2026 17:18:29.715] [main/DEBUG] [mixin/]: Instancing new MixinPlatformAgentDefault for SecureJarResource(puzzlesaccessapi)
[24Jan2026 17:18:29.715] [main/DEBUG] [mixin/]: MixinPlatformAgentDefault accepted container SecureJarResource(puzzlesaccessapi)
[24Jan2026 17:18:29.716] [main/DEBUG] [mixin/]: Processing prepare() for PlatformAgent[MixinPlatformAgentDefault:SecureJarResource(puzzlesaccessapi)]
[24Jan2026 17:18:29.716] [main/DEBUG] [mixin/]: Registering mixin config: puzzlesaccessapi.common.mixins.json
[24Jan2026 17:18:29.719] [main/DEBUG] [mixin/]: Registering mixin config: puzzlesaccessapi.forge.mixins.json
[24Jan2026 17:18:29.727] [main/DEBUG] [mixin/]: Adding mixin platform agents for container SecureJarResource(dungeons_arise_seven_seas)
[24Jan2026 17:18:29.727] [main/DEBUG] [mixin/]: Instancing new MixinPlatformAgentMinecraftForge for SecureJarResource(dungeons_arise_seven_seas)
[24Jan2026 17:18:29.729] [main/DEBUG] [mixin/]: MixinPlatformAgentMinecraftForge rejected container SecureJarResource(dungeons_arise_seven_seas)
[24Jan2026 17:18:29.729] [main/DEBUG] [mixin/]: Instancing new MixinPlatformAgentDefault for SecureJarResource(dungeons_arise_seven_seas)
[24Jan2026 17:18:29.729] [main/DEBUG] [mixin/]: MixinPlatformAgentDefault accepted container SecureJarResource(dungeons_arise_seven_seas)
[24Jan2026 17:18:29.729] [main/DEBUG] [mixin/]: Processing prepare() for PlatformAgent[MixinPlatformAgentDefault:SecureJarResource(dungeons_arise_seven_seas)]
[24Jan2026 17:18:29.729] [main/DEBUG] [mixin/]: Adding mixin platform agents for container SecureJarResource(forge)
[24Jan2026 17:18:29.729] [main/DEBUG] [mixin/]: Instancing new MixinPlatformAgentMinecraftForge for SecureJarResource(forge)
[24Jan2026 17:18:29.729] [main/DEBUG] [mixin/]: MixinPlatformAgentMinecraftForge rejected container SecureJarResource(forge)
[24Jan2026 17:18:29.729] [main/DEBUG] [mixin/]: Instancing new MixinPlatformAgentDefault for SecureJarResource(forge)
[24Jan2026 17:18:29.730] [main/DEBUG] [mixin/]: MixinPlatformAgentDefault accepted container SecureJarResource(forge)
[24Jan2026 17:18:29.730] [main/DEBUG] [mixin/]: Processing prepare() for PlatformAgent[MixinPlatformAgentDefault:SecureJarResource(forge)]
[24Jan2026 17:18:29.730] [main/DEBUG] [mixin/]: Adding mixin platform agents for container SecureJarResource(t_and_t)
[24Jan2026 17:18:29.730] [main/DEBUG] [mixin/]: Instancing new MixinPlatformAgentMinecraftForge for SecureJarResource(t_and_t)
[24Jan2026 17:18:29.730] [main/DEBUG] [mixin/]: MixinPlatformAgentMinecraftForge rejected container SecureJarResource(t_and_t)
[24Jan2026 17:18:29.730] [main/DEBUG] [mixin/]: Instancing new MixinPlatformAgentDefault for SecureJarResource(t_and_t)
[24Jan2026 17:18:29.730] [main/DEBUG] [mixin/]: MixinPlatformAgentDefault accepted container SecureJarResource(t_and_t)
[24Jan2026 17:18:29.730] [main/DEBUG] [mixin/]: Processing prepare() for PlatformAgent[MixinPlatformAgentDefault:SecureJarResource(t_and_t)]
[24Jan2026 17:18:29.730] [main/DEBUG] [mixin/]: Adding mixin platform agents for container SecureJarResource(enchantinginfuser)
[24Jan2026 17:18:29.730] [main/DEBUG] [mixin/]: Instancing new MixinPlatformAgentMinecraftForge for SecureJarResource(enchantinginfuser)
[24Jan2026 17:18:29.730] [main/DEBUG] [mixin/]: MixinPlatformAgentMinecraftForge rejected container SecureJarResource(enchantinginfuser)
[24Jan2026 17:18:29.730] [main/DEBUG] [mixin/]: Instancing new MixinPlatformAgentDefault for SecureJarResource(enchantinginfuser)
[24Jan2026 17:18:29.732] [main/DEBUG] [mixin/]: MixinPlatformAgentDefault accepted container SecureJarResource(enchantinginfuser)
[24Jan2026 17:18:29.732] [main/DEBUG] [mixin/]: Processing prepare() for PlatformAgent[MixinPlatformAgentDefault:SecureJarResource(enchantinginfuser)]
[24Jan2026 17:18:29.733] [main/DEBUG] [mixin/]: Adding mixin platform agents for container SecureJarResource(dungeons_arise)
[24Jan2026 17:18:29.733] [main/DEBUG] [mixin/]: Instancing new MixinPlatformAgentMinecraftForge for SecureJarResource(dungeons_arise)
[24Jan2026 17:18:29.733] [main/DEBUG] [mixin/]: MixinPlatformAgentMinecraftForge rejected container SecureJarResource(dungeons_arise)
[24Jan2026 17:18:29.733] [main/DEBUG] [mixin/]: Instancing new MixinPlatformAgentDefault for SecureJarResource(dungeons_arise)
[24Jan2026 17:18:29.733] [main/DEBUG] [mixin/]: MixinPlatformAgentDefault accepted container SecureJarResource(dungeons_arise)
[24Jan2026 17:18:29.733] [main/DEBUG] [mixin/]: Processing prepare() for PlatformAgent[MixinPlatformAgentDefault:SecureJarResource(dungeons_arise)]
[24Jan2026 17:18:29.733] [main/DEBUG] [mixin/]: Adding mixin platform agents for container SecureJarResource(cristellib)
[24Jan2026 17:18:29.733] [main/DEBUG] [mixin/]: Instancing new MixinPlatformAgentMinecraftForge for SecureJarResource(cristellib)
[24Jan2026 17:18:29.733] [main/DEBUG] [mixin/]: MixinPlatformAgentMinecraftForge rejected container SecureJarResource(cristellib)
[24Jan2026 17:18:29.733] [main/DEBUG] [mixin/]: Instancing new MixinPlatformAgentDefault for SecureJarResource(cristellib)
[24Jan2026 17:18:29.733] [main/DEBUG] [mixin/]: MixinPlatformAgentDefault accepted container SecureJarResource(cristellib)
[24Jan2026 17:18:29.733] [main/DEBUG] [mixin/]: Processing prepare() for PlatformAgent[MixinPlatformAgentDefault:SecureJarResource(cristellib)]
[24Jan2026 17:18:29.733] [main/DEBUG] [mixin/]: Registering mixin config: cristellib-common.mixins.json
[24Jan2026 17:18:29.737] [main/DEBUG] [mixin/]: Registering mixin config: cristellib.mixins.json
[24Jan2026 17:18:29.738] [main/DEBUG] [mixin/]: Adding mixin platform agents for container SecureJarResource(mclib)
[24Jan2026 17:18:29.738] [main/DEBUG] [mixin/]: Instancing new MixinPlatformAgentMinecraftForge for SecureJarResource(mclib)
[24Jan2026 17:18:29.738] [main/DEBUG] [mixin/]: MixinPlatformAgentMinecraftForge rejected container SecureJarResource(mclib)
[24Jan2026 17:18:29.740] [main/DEBUG] [mixin/]: Instancing new MixinPlatformAgentDefault for SecureJarResource(mclib)
[24Jan2026 17:18:29.740] [main/DEBUG] [mixin/]: MixinPlatformAgentDefault accepted container SecureJarResource(mclib)
[24Jan2026 17:18:29.741] [main/DEBUG] [mixin/]: Processing prepare() for PlatformAgent[MixinPlatformAgentDefault:SecureJarResource(mclib)]
[24Jan2026 17:18:29.741] [main/DEBUG] [mixin/]: Adding mixin platform agents for container SecureJarResource(jankson)
[24Jan2026 17:18:29.741] [main/DEBUG] [mixin/]: Instancing new MixinPlatformAgentMinecraftForge for SecureJarResource(jankson)
[24Jan2026 17:18:29.741] [main/DEBUG] [mixin/]: MixinPlatformAgentMinecraftForge rejected container SecureJarResource(jankson)
[24Jan2026 17:18:29.741] [main/DEBUG] [mixin/]: Instancing new MixinPlatformAgentDefault for SecureJarResource(jankson)
[24Jan2026 17:18:29.741] [main/DEBUG] [mixin/]: MixinPlatformAgentDefault accepted container SecureJarResource(jankson)
[24Jan2026 17:18:29.741] [main/DEBUG] [mixin/]: Processing prepare() for PlatformAgent[MixinPlatformAgentDefault:SecureJarResource(jankson)]
[24Jan2026 17:18:29.741] [main/DEBUG] [mixin/]: Adding mixin platform agents for container SecureJarResource(MixinExtras)
[24Jan2026 17:18:29.741] [main/DEBUG] [mixin/]: Instancing new MixinPlatformAgentMinecraftForge for SecureJarResource(MixinExtras)
[24Jan2026 17:18:29.742] [main/DEBUG] [mixin/]: MixinPlatformAgentMinecraftForge rejected container SecureJarResource(MixinExtras)
[24Jan2026 17:18:29.743] [main/DEBUG] [mixin/]: Instancing new MixinPlatformAgentDefault for SecureJarResource(MixinExtras)
[24Jan2026 17:18:29.743] [main/DEBUG] [mixin/]: MixinPlatformAgentDefault accepted container SecureJarResource(MixinExtras)
[24Jan2026 17:18:29.743] [main/DEBUG] [mixin/]: Processing prepare() for PlatformAgent[MixinPlatformAgentDefault:SecureJarResource(MixinExtras)]
[24Jan2026 17:18:29.743] [main/DEBUG] [mixin/]: inject() running with 31 agents
[24Jan2026 17:18:29.743] [main/DEBUG] [mixin/]: Processing inject() for PlatformAgent[MixinPlatformAgentDefault:ModLauncher Root Container(ModLauncher:4f56a0a2)]
[24Jan2026 17:18:29.743] [main/DEBUG] [mixin/]: Processing inject() for PlatformAgent[MixinPlatformAgentDefault:SecureJarResource(minecraft)]
[24Jan2026 17:18:29.743] [main/DEBUG] [mixin/]: Processing inject() for PlatformAgent[MixinPlatformAgentDefault:SecureJarResource(kuma_api)]
[24Jan2026 17:18:29.743] [main/DEBUG] [mixin/]: Processing inject() for PlatformAgent[MixinPlatformAgentDefault:SecureJarResource(trashslot)]
[24Jan2026 17:18:29.743] [main/DEBUG] [mixin/]: Processing inject() for PlatformAgent[MixinPlatformAgentDefault:SecureJarResource(mutantmonsters)]
[24Jan2026 17:18:29.743] [main/DEBUG] [mixin/]: Processing inject() for PlatformAgent[MixinPlatformAgentDefault:SecureJarResource(geckolib)]
[24Jan2026 17:18:29.743] [main/DEBUG] [mixin/]: Processing inject() for PlatformAgent[MixinPlatformAgentDefault:SecureJarResource(jei)]
[24Jan2026 17:18:29.743] [main/DEBUG] [mixin/]: Processing inject() for PlatformAgent[MixinPlatformAgentDefault:SecureJarResource(born_in_chaos_v1)]
[24Jan2026 17:18:29.743] [main/DEBUG] [mixin/]: Processing inject() for PlatformAgent[MixinPlatformAgentDefault:SecureJarResource(incendium)]
[24Jan2026 17:18:29.743] [main/DEBUG] [mixin/]: Processing inject() for PlatformAgent[MixinPlatformAgentDefault:SecureJarResource(sophisticatedcore)]
[24Jan2026 17:18:29.744] [main/DEBUG] [mixin/]: Processing inject() for PlatformAgent[MixinPlatformAgentDefault:SecureJarResource(xaerominimap)]
[24Jan2026 17:18:29.744] [main/DEBUG] [mixin/]: Processing inject() for PlatformAgent[MixinPlatformAgentDefault:SecureJarResource(structory)]
[24Jan2026 17:18:29.744] [main/DEBUG] [mixin/]: Processing inject() for PlatformAgent[MixinPlatformAgentDefault:SecureJarResource(xaeroworldmap)]
[24Jan2026 17:18:29.744] [main/DEBUG] [mixin/]: Processing inject() for PlatformAgent[MixinPlatformAgentDefault:SecureJarResource(everythingcopper)]
[24Jan2026 17:18:29.744] [main/DEBUG] [mixin/]: Processing inject() for PlatformAgent[MixinPlatformAgentDefault:SecureJarResource(mr_dungeons_andtaverns)]
[24Jan2026 17:18:29.744] [main/DEBUG] [mixin/]: Processing inject() for PlatformAgent[MixinPlatformAgentDefault:SecureJarResource(mixinextras)]
[24Jan2026 17:18:29.744] [main/DEBUG] [mixin/]: Processing inject() for PlatformAgent[MixinPlatformAgentDefault:SecureJarResource(dungeoncrawl)]
[24Jan2026 17:18:29.744] [main/DEBUG] [mixin/]: Processing inject() for PlatformAgent[MixinPlatformAgentDefault:SecureJarResource(sophisticatedbackpacks)]
[24Jan2026 17:18:29.744] [main/DEBUG] [mixin/]: Processing inject() for PlatformAgent[MixinPlatformAgentDefault:SecureJarResource(takesapillage)]
[24Jan2026 17:18:29.744] [main/DEBUG] [mixin/]: Processing inject() for PlatformAgent[MixinPlatformAgentDefault:SecureJarResource(balm)]
[24Jan2026 17:18:29.744] [main/DEBUG] [mixin/]: Processing inject() for PlatformAgent[MixinPlatformAgentDefault:SecureJarResource(puzzleslib)]
[24Jan2026 17:18:29.748] [main/DEBUG] [mixin/]: Processing inject() for PlatformAgent[MixinPlatformAgentDefault:SecureJarResource(puzzlesaccessapi)]
[24Jan2026 17:18:29.749] [main/DEBUG] [mixin/]: Processing inject() for PlatformAgent[MixinPlatformAgentDefault:SecureJarResource(dungeons_arise_seven_seas)]
[24Jan2026 17:18:29.749] [main/DEBUG] [mixin/]: Processing inject() for PlatformAgent[MixinPlatformAgentDefault:SecureJarResource(forge)]
[24Jan2026 17:18:29.749] [main/DEBUG] [mixin/]: Processing inject() for PlatformAgent[MixinPlatformAgentDefault:SecureJarResource(t_and_t)]
[24Jan2026 17:18:29.749] [main/DEBUG] [mixin/]: Processing inject() for PlatformAgent[MixinPlatformAgentDefault:SecureJarResource(enchantinginfuser)]
[24Jan2026 17:18:29.749] [main/DEBUG] [mixin/]: Processing inject() for PlatformAgent[MixinPlatformAgentDefault:SecureJarResource(dungeons_arise)]
[24Jan2026 17:18:29.749] [main/DEBUG] [mixin/]: Processing inject() for PlatformAgent[MixinPlatformAgentDefault:SecureJarResource(cristellib)]
[24Jan2026 17:18:29.749] [main/DEBUG] [mixin/]: Processing inject() for PlatformAgent[MixinPlatformAgentDefault:SecureJarResource(mclib)]
[24Jan2026 17:18:29.749] [main/DEBUG] [mixin/]: Processing inject() for PlatformAgent[MixinPlatformAgentDefault:SecureJarResource(jankson)]
[24Jan2026 17:18:29.749] [main/DEBUG] [mixin/]: Processing inject() for PlatformAgent[MixinPlatformAgentDefault:SecureJarResource(MixinExtras)]
[24Jan2026 17:18:29.751] [main/INFO] [cpw.mods.modlauncher.LaunchServiceHandler/MODLAUNCHER]: Launching target 'forgeserver' with arguments [nogui]
[24Jan2026 17:18:29.821] [main/DEBUG] [mixin/]: Error cleaning class output directory: .mixin.out
[24Jan2026 17:18:29.823] [main/DEBUG] [mixin/]: Preparing mixins for MixinEnvironment[DEFAULT]
[24Jan2026 17:18:29.823] [main/DEBUG] [mixin/]: Selecting config kuma_api.mixins.json
[24Jan2026 17:18:29.833] [main/DEBUG] [mixin/]: Selecting config kuma_api.forge.mixins.json
[24Jan2026 17:18:29.834] [main/DEBUG] [mixin/]: Selecting config trashslot.mixins.json
[24Jan2026 17:18:29.838] [main/WARN] [mixin/]: Reference map 'trashslot.refmap.json' for trashslot.mixins.json could not be read. If this is a development environment you can ignore this message
[24Jan2026 17:18:29.839] [main/DEBUG] [mixin/]: Selecting config mutantmonsters.common.mixins.json
[24Jan2026 17:18:29.865] [main/DEBUG] [mixin/]: Selecting config geckolib.mixins.json
[24Jan2026 17:18:29.868] [main/DEBUG] [mixin/]: Selecting config xaerohud.mixins.json
[24Jan2026 17:18:29.870] [main/DEBUG] [mixin/]: Selecting config xaerohud.forge.mixins.json
[24Jan2026 17:18:29.877] [main/DEBUG] [mixin/]: Selecting config xaerominimap.mixins.json
[24Jan2026 17:18:29.878] [main/DEBUG] [mixin/]: Selecting config xaerominimap.forge.mixins.json
[24Jan2026 17:18:29.881] [main/DEBUG] [mixin/]: Selecting config xaeroworldmap.mixins.json
[24Jan2026 17:18:29.884] [main/DEBUG] [mixin/]: Selecting config xaeroworldmap.forge.mixins.json
[24Jan2026 17:18:29.885] [main/DEBUG] [mixin/]: Selecting config mixinextras.init.mixins.json
[24Jan2026 17:18:29.937] [main/DEBUG] [MixinExtras|Service/]: com.llamalad7.mixinextras.service.MixinExtrasServiceImpl(version=0.4.1) is taking over from null
[24Jan2026 17:18:30.009] [main/DEBUG] [mixin/]: Registering new injector for @Inject with org.spongepowered.asm.mixin.injection.struct.CallbackInjectionInfo
[24Jan2026 17:18:30.013] [main/DEBUG] [mixin/]: Registering new injector for @ModifyArg with org.spongepowered.asm.mixin.injection.struct.ModifyArgInjectionInfo
[24Jan2026 17:18:30.014] [main/DEBUG] [mixin/]: Registering new injector for @ModifyArgs with org.spongepowered.asm.mixin.injection.struct.ModifyArgsInjectionInfo
[24Jan2026 17:18:30.018] [main/DEBUG] [mixin/]: Registering new injector for @Redirect with org.spongepowered.asm.mixin.injection.struct.RedirectInjectionInfo
[24Jan2026 17:18:30.020] [main/DEBUG] [mixin/]: Registering new injector for @ModifyVariable with org.spongepowered.asm.mixin.injection.struct.ModifyVariableInjectionInfo
[24Jan2026 17:18:30.021] [main/DEBUG] [mixin/]: Registering new injector for @ModifyConstant with org.spongepowered.asm.mixin.injection.struct.ModifyConstantInjectionInfo
[24Jan2026 17:18:30.049] [main/DEBUG] [mixin/]: Selecting config takesapillage.mixins.json
[24Jan2026 17:18:30.052] [main/DEBUG] [mixin/]: Selecting config balm.mixins.json
[24Jan2026 17:18:30.055] [main/DEBUG] [mixin/]: Selecting config puzzleslib.common.mixins.json
[24Jan2026 17:18:30.089] [main/INFO] [Puzzles Lib/]: Loading 27 mods:
	- balm 7.3.37
		\-- kuma_api 20.1.12
	- born_in_chaos_v1 1.7.3
	- cristellib 1.1.6
	- dungeoncrawl 2.3.15
	- dungeons_arise 2.1.58-1.20.x
	- dungeons_arise_seven_seas 1.0.2
	- enchantinginfuser 8.0.3
	- everythingcopper 1.20.1-2.3.4
	- forge 47.3.7
	- geckolib 4.8.2
	- incendium 5.3.5
	- jei 15.20.0.127
	- minecraft 1.20.1
	- mr_dungeons_andtaverns 3.0.3.f
	- mutantmonsters 8.0.8
	- puzzleslib 8.1.33
		|-- mixinextras 0.4.1
		\-- puzzlesaccessapi 20.1.1
	- sophisticatedbackpacks 3.24.12.1411
	- sophisticatedcore 1.2.107.1240
	- structory 1.3.5
	- t_and_t 0.0NONE
	- takesapillage 1.0.3
	- trashslot 15.1.2
	- xaerominimap 25.2.10
	- xaeroworldmap 1.39.12
[24Jan2026 17:18:30.102] [main/DEBUG] [mixin/]: Selecting config puzzleslib.forge.mixins.json
[24Jan2026 17:18:30.109] [main/DEBUG] [mixin/]: Selecting config puzzlesaccessapi.common.mixins.json
[24Jan2026 17:18:30.113] [main/WARN] [mixin/]: Reference map 'puzzlesaccessapi.common.refmap.json' for puzzlesaccessapi.common.mixins.json could not be read. If this is a development environment you can ignore this message
[24Jan2026 17:18:30.114] [main/DEBUG] [mixin/]: Selecting config puzzlesaccessapi.forge.mixins.json
[24Jan2026 17:18:30.118] [main/DEBUG] [mixin/]: Selecting config cristellib-common.mixins.json
[24Jan2026 17:18:30.125] [main/DEBUG] [mixin/]: Selecting config cristellib.mixins.json
[24Jan2026 17:18:30.129] [main/WARN] [mixin/]: Reference map 'cristellib-forge-refmap.json' for cristellib.mixins.json could not be read. If this is a development environment you can ignore this message
[24Jan2026 17:18:30.131] [main/DEBUG] [mixin/]: Preparing kuma_api.mixins.json (1)
[24Jan2026 17:18:30.132] [main/DEBUG] [mixin/]: Preparing kuma_api.forge.mixins.json (0)
[24Jan2026 17:18:30.132] [main/DEBUG] [mixin/]: Preparing trashslot.mixins.json (0)
[24Jan2026 17:18:30.132] [main/DEBUG] [mixin/]: Preparing mutantmonsters.common.mixins.json (2)
[24Jan2026 17:18:30.195] [main/DEBUG] [mixin/]: Preparing geckolib.mixins.json (1)
[24Jan2026 17:18:30.196] [main/DEBUG] [mixin/]: Preparing xaerohud.mixins.json (22)
[24Jan2026 17:18:30.312] [main/DEBUG] [mixin/]: Preparing xaerohud.forge.mixins.json (0)
[24Jan2026 17:18:30.313] [main/DEBUG] [mixin/]: Preparing xaerominimap.mixins.json (0)
[24Jan2026 17:18:30.313] [main/DEBUG] [mixin/]: Preparing xaerominimap.forge.mixins.json (0)
[24Jan2026 17:18:30.313] [main/DEBUG] [mixin/]: Preparing xaeroworldmap.mixins.json (12)
[24Jan2026 17:18:30.319] [main/DEBUG] [mixin/]: Preparing xaeroworldmap.forge.mixins.json (2)
[24Jan2026 17:18:30.319] [main/DEBUG] [mixin/]: Preparing mixinextras.init.mixins.json (0)
[24Jan2026 17:18:30.319] [main/DEBUG] [mixin/]: Preparing takesapillage.mixins.json (3)
[24Jan2026 17:18:30.370] [main/DEBUG] [mixin/]: Preparing balm.mixins.json (16)
[24Jan2026 17:18:30.470] [main/DEBUG] [mixin/]: Preparing puzzleslib.common.mixins.json (7)
[24Jan2026 17:18:30.504] [main/DEBUG] [mixin/]: Preparing puzzleslib.forge.mixins.json (13)
[24Jan2026 17:18:30.560] [main/DEBUG] [mixin/]: Preparing puzzlesaccessapi.common.mixins.json (0)
[24Jan2026 17:18:30.561] [main/DEBUG] [mixin/]: Preparing puzzlesaccessapi.forge.mixins.json (0)
[24Jan2026 17:18:30.561] [main/DEBUG] [mixin/]: Preparing cristellib-common.mixins.json (1)
[24Jan2026 17:18:30.563] [main/DEBUG] [mixin/]: Preparing cristellib.mixins.json (0)
[24Jan2026 17:18:30.611] [main/DEBUG] [mixin/]: Prepared 31 mixins in 0.787 sec (25.4ms avg) (0ms load, 0ms transform, 0ms plugin)
[24Jan2026 17:18:30.642] [main/INFO] [MixinExtras|Service/]: Initializing MixinExtras via com.llamalad7.mixinextras.service.MixinExtrasServiceImpl(version=0.4.1).
[24Jan2026 17:18:30.645] [main/DEBUG] [mixin/]: Registering new injector for @SugarWrapper with com.llamalad7.mixinextras.sugar.impl.SugarWrapperInjectionInfo
[24Jan2026 17:18:30.646] [main/DEBUG] [mixin/]: Registering new injector for @FactoryRedirectWrapper with com.llamalad7.mixinextras.wrapper.factory.FactoryRedirectWrapperInjectionInfo
[24Jan2026 17:18:30.661] [main/DEBUG] [mixin/]: Mixing MixinMinecraftServer from xaerohud.mixins.json into net.minecraft.server.MinecraftServer
[24Jan2026 17:18:30.683] [main/DEBUG] [mixin/]: Mixing MixinMinecraftServer from xaeroworldmap.mixins.json into net.minecraft.server.MinecraftServer
[24Jan2026 17:18:30.685] [main/DEBUG] [mixin/]: Mixing MinecraftServerMixin from balm.mixins.json into net.minecraft.server.MinecraftServer
[24Jan2026 17:18:30.685] [main/DEBUG] [mixin/]: Renaming synthetic method lambda$reloadResources$0(Ljava/lang/Void;)V to md5a866b$lambda$reloadResources$0$0 in balm.mixins.json:MinecraftServerMixin
[24Jan2026 17:18:30.915] [main/DEBUG] [io.netty.util.internal.logging.InternalLoggerFactory/]: Using SLF4J as the default logging framework
[24Jan2026 17:18:30.920] [main/DEBUG] [io.netty.util.ResourceLeakDetector/]: -Dio.netty.leakDetection.level: simple
[24Jan2026 17:18:30.921] [main/DEBUG] [io.netty.util.ResourceLeakDetector/]: -Dio.netty.leakDetection.targetRecords: 4
[24Jan2026 17:18:31.419] [main/DEBUG] [oshi.util.FileUtil/]: No oshi.properties file found from ClassLoader cpw.mods.modlauncher.TransformingClassLoader@3cd26422
[24Jan2026 17:18:31.421] [main/DEBUG] [oshi.util.FileUtil/]: No oshi.properties file found from ClassLoader jdk.internal.loader.ClassLoaders$AppClassLoader@76ed5528
[24Jan2026 17:18:31.545] [main/DEBUG] [oshi.util.FileUtil/]: Reading file /proc/self/auxv
[24Jan2026 17:18:31.548] [main/DEBUG] [oshi.util.FileUtil/]: Reading file /proc/self/auxv
[24Jan2026 17:18:31.558] [main/DEBUG] [oshi.util.FileUtil/]: Reading file /proc/stat
[24Jan2026 17:18:31.573] [main/DEBUG] [oshi.util.FileUtil/]: Reading file /sys/devices/system/cpu/cpu0/topology/core_id
[24Jan2026 17:18:31.573] [main/DEBUG] [oshi.util.FileUtil/]: Reading file /sys/devices/system/cpu/cpu0/topology/core_id
[24Jan2026 17:18:31.573] [main/DEBUG] [oshi.util.FileUtil/]: Reading file /sys/devices/system/cpu/cpu0/topology/physical_package_id
[24Jan2026 17:18:31.574] [main/DEBUG] [oshi.util.FileUtil/]: Reading file /sys/devices/system/cpu/cpu0/topology/physical_package_id
[24Jan2026 17:18:31.575] [main/DEBUG] [oshi.util.FileUtil/]: Reading file /sys/devices/system/cpu/cpu0/cpu_capacity
[24Jan2026 17:18:31.578] [main/DEBUG] [oshi.util.FileUtil/]: Reading file /sys/devices/system/cpu/cpu1/topology/core_id
[24Jan2026 17:18:31.578] [main/DEBUG] [oshi.util.FileUtil/]: Reading file /sys/devices/system/cpu/cpu1/topology/core_id
[24Jan2026 17:18:31.578] [main/DEBUG] [oshi.util.FileUtil/]: Reading file /sys/devices/system/cpu/cpu1/topology/physical_package_id
[24Jan2026 17:18:31.579] [main/DEBUG] [oshi.util.FileUtil/]: Reading file /sys/devices/system/cpu/cpu1/topology/physical_package_id
[24Jan2026 17:18:31.579] [main/DEBUG] [oshi.util.FileUtil/]: Reading file /sys/devices/system/cpu/cpu1/cpu_capacity
[24Jan2026 17:18:31.582] [main/DEBUG] [oshi.util.FileUtil/]: Reading file /proc/cpuinfo
[24Jan2026 17:18:31.598] [main/DEBUG] [oshi.util.FileUtil/]: Reading file /proc/self/auxv
[24Jan2026 17:18:31.600] [main/DEBUG] [oshi.util.FileUtil/]: No oshi.architecture.properties file found from ClassLoader cpw.mods.modlauncher.TransformingClassLoader@3cd26422
[24Jan2026 17:18:31.601] [main/DEBUG] [oshi.util.FileUtil/]: No oshi.architecture.properties file found from ClassLoader jdk.internal.loader.ClassLoaders$AppClassLoader@76ed5528
[24Jan2026 17:18:31.621] [main/DEBUG] [oshi.util.FileUtil/]: Reading file /proc/meminfo
[24Jan2026 17:18:31.622] [main/DEBUG] [oshi.util.FileUtil/]: Reading file /proc/meminfo
[24Jan2026 17:18:31.771] [main/DEBUG] [mixin/]: Mixing accessor.ForgeRegistryForgeAccessor from puzzleslib.forge.mixins.json into net.minecraftforge.registries.ForgeRegistry
[24Jan2026 17:18:31.815] [main/DEBUG] [mixin/]: Mixing accessor.BlockAccessor from puzzleslib.common.mixins.json into net.minecraft.world.level.block.Block
[24Jan2026 17:18:31.863] [main/DEBUG] [mixin/]: Mixing EntityMixin from balm.mixins.json into net.minecraft.world.entity.Entity
[24Jan2026 17:18:32.161] [main/DEBUG] [net.minecraftforge.coremod.transformer.CoreModBaseTransformer/COREMOD]: Transforming net/minecraft/world/entity/EntityType
[24Jan2026 17:18:32.708] [main/DEBUG] [mixin/]: Mixing accessor.FireBlockForgeAccessor from puzzleslib.forge.mixins.json into net.minecraft.world.level.block.FireBlock
[24Jan2026 17:18:33.190] [main/DEBUG] [net.minecraftforge.coremod.transformer.CoreModBaseTransformer/COREMOD]: Transforming net/minecraft/world/level/block/LiquidBlock
[24Jan2026 17:18:33.254] [main/DEBUG] [net.minecraftforge.coremod.transformer.CoreModBaseTransformer/COREMOD]: Transforming net/minecraft/world/level/block/StairBlock
[24Jan2026 17:18:33.272] [main/DEBUG] [mixin/]: Mixing CropBlockMixin from balm.mixins.json into net.minecraft.world.level.block.CropBlock
[24Jan2026 17:18:33.420] [main/DEBUG] [mixin/]: Mixing StemBlockMixin from balm.mixins.json into net.minecraft.world.level.block.StemBlock
[24Jan2026 17:18:33.528] [main/DEBUG] [net.minecraftforge.coremod.transformer.CoreModBaseTransformer/COREMOD]: Transforming net/minecraft/world/level/block/FlowerPotBlock
[24Jan2026 17:18:35.360] [main/DEBUG] [mixin/]: Mixing accessor.AbstractContainerMenuAccessor from puzzleslib.common.mixins.json into net.minecraft.world.inventory.AbstractContainerMenu
[24Jan2026 17:18:35.613] [main/DEBUG] [mixin/]: Mixing MobRememberSpawnReasonMixin from takesapillage.mixins.json into net.minecraft.world.entity.Mob
[24Jan2026 17:18:36.090] [main/DEBUG] [net.minecraftforge.coremod.transformer.CoreModBaseTransformer/COREMOD]: Transforming net/minecraft/world/item/ItemStack
[24Jan2026 17:18:37.706] [main/DEBUG] [net.minecraftforge.coremod.transformer.CoreModBaseTransformer/COREMOD]: Transforming net/minecraft/world/entity/animal/frog/Tadpole
[24Jan2026 17:18:37.765] [main/DEBUG] [mixin/]: Mixing accessor.BlockItemAccessor from puzzleslib.common.mixins.json into net.minecraft.world.item.BlockItem
[24Jan2026 17:18:37.791] [main/DEBUG] [net.minecraftforge.coremod.transformer.CoreModBaseTransformer/COREMOD]: Transforming net/minecraft/world/item/BucketItem
[24Jan2026 17:18:39.123] [main/DEBUG] [net.minecraftforge.coremod.transformer.CoreModBaseTransformer/COREMOD]: Transforming net/minecraft/world/entity/monster/Spider
[24Jan2026 17:18:39.240] [main/DEBUG] [net.minecraftforge.coremod.transformer.CoreModBaseTransformer/COREMOD]: Transforming net/minecraft/world/entity/monster/Zombie
[24Jan2026 17:18:39.329] [main/DEBUG] [net.minecraftforge.coremod.transformer.CoreModBaseTransformer/COREMOD]: Transforming net/minecraft/world/entity/monster/ZombieVillager
[24Jan2026 17:18:39.440] [main/DEBUG] [net.minecraftforge.coremod.transformer.CoreModBaseTransformer/COREMOD]: Transforming net/minecraft/world/entity/monster/Evoker$EvokerSummonSpellGoal
[24Jan2026 17:18:39.582] [main/DEBUG] [mixin/]: Mixing accessor.RavagerAccessor from mutantmonsters.common.mixins.json into net.minecraft.world.entity.monster.Ravager
[24Jan2026 17:18:39.605] [main/DEBUG] [net.minecraftforge.coremod.transformer.CoreModBaseTransformer/COREMOD]: Transforming net/minecraft/world/entity/animal/horse/SkeletonTrapGoal
[24Jan2026 17:18:39.646] [main/DEBUG] [net.minecraftforge.coremod.transformer.CoreModBaseTransformer/COREMOD]: Transforming net/minecraft/world/entity/monster/Strider
[24Jan2026 17:18:39.770] [main/DEBUG] [mixin/]: Mixing MixinServerPlayer from xaerohud.mixins.json into net.minecraft.server.level.ServerPlayer
[24Jan2026 17:18:39.780] [main/DEBUG] [mixin/]: Mixing MixinServerPlayer from xaeroworldmap.mixins.json into net.minecraft.server.level.ServerPlayer
[24Jan2026 17:18:39.805] [main/DEBUG] [mixin/]: Mixing ClayGolemSensorMixin from takesapillage.mixins.json into net.minecraft.world.entity.ai.sensing.GolemSensor
[24Jan2026 17:18:39.806] [main/DEBUG] [mixin/]: Renaming synthetic method lambda$checkForNearbyClayGolem$0(Lnet/minecraft/world/entity/LivingEntity;)Z to md5a866b$lambda$checkForNearbyClayGolem$0$0 in takesapillage.mixins.json:ClayGolemSensorMixin
[24Jan2026 17:18:39.871] [main/DEBUG] [net.minecraftforge.coremod.transformer.CoreModBaseTransformer/COREMOD]: Transforming net/minecraft/world/entity/npc/Villager
[24Jan2026 17:18:40.127] [main/DEBUG] [net.minecraftforge.coremod.transformer.CoreModBaseTransformer/COREMOD]: Transforming net/minecraft/world/effect/MobEffectInstance
[24Jan2026 17:18:40.186] [main/DEBUG] [mixin/]: Mixing accessor.PotionBrewingForgeAccessor from puzzleslib.forge.mixins.json into net.minecraft.world.item.alchemy.PotionBrewing
[24Jan2026 17:18:40.186] [main/DEBUG] [mixin/]: Renaming @Accessor method puzzleslib$getPotionMixes()Ljava/util/List; to puzzleslib$getPotionMixes_$md$5a866b$0 in puzzleslib.forge.mixins.json:accessor.PotionBrewingForgeAccessor
[24Jan2026 17:18:40.187] [main/DEBUG] [mixin/]: Renaming @Accessor method puzzleslib$getContainerMixes()Ljava/util/List; to puzzleslib$getContainerMixes_$md$5a866b$1 in puzzleslib.forge.mixins.json:accessor.PotionBrewingForgeAccessor
[24Jan2026 17:18:40.187] [main/DEBUG] [mixin/]: Renaming @Accessor method puzzleslib$getAllowedContainers()Ljava/util/List; to puzzleslib$getAllowedContainers_$md$5a866b$2 in puzzleslib.forge.mixins.json:accessor.PotionBrewingForgeAccessor
[24Jan2026 17:18:40.351] [main/DEBUG] [mixin/]: Mixing accessor.SimpleContainerAccessor from puzzleslib.common.mixins.json into net.minecraft.world.SimpleContainer
[24Jan2026 17:18:40.355] [main/DEBUG] [mixin/]: Mixing SlotAccessor from balm.mixins.json into net.minecraft.world.inventory.Slot
[24Jan2026 17:18:40.782] [main/DEBUG] [net.minecraftforge.coremod.transformer.CoreModBaseTransformer/COREMOD]: Transforming net/minecraft/world/level/levelgen/structure/Structure
[24Jan2026 17:18:40.954] [main/DEBUG] [net.minecraftforge.coremod.transformer.CoreModBaseTransformer/COREMOD]: Transforming net/minecraft/world/level/levelgen/structure/structures/OceanRuinPieces$OceanRuinPiece
[24Jan2026 17:18:41.005] [main/DEBUG] [net.minecraftforge.coremod.transformer.CoreModBaseTransformer/COREMOD]: Transforming net/minecraft/world/level/levelgen/structure/structures/SwampHutPiece
[24Jan2026 17:18:41.032] [main/DEBUG] [net.minecraftforge.coremod.transformer.CoreModBaseTransformer/COREMOD]: Transforming net/minecraft/world/level/levelgen/structure/structures/OceanMonumentPieces$OceanMonumentPiece
[24Jan2026 17:18:41.078] [main/DEBUG] [net.minecraftforge.coremod.transformer.CoreModBaseTransformer/COREMOD]: Transforming net/minecraft/world/level/levelgen/structure/structures/WoodlandMansionPieces$WoodlandMansionPiece
[24Jan2026 17:18:41.224] [main/DEBUG] [net.minecraftforge.coremod.transformer.CoreModBaseTransformer/COREMOD]: Transforming net/minecraft/world/level/biome/Biome
[24Jan2026 17:18:41.260] [main/DEBUG] [mixin/]: Mixing accessor.MobSpawnSettingsBuilderForgeAccessor from puzzleslib.forge.mixins.json into net.minecraft.world.level.biome.MobSpawnSettings$Builder
[24Jan2026 17:18:41.704] [main/DEBUG] [net.minecraftforge.common.ForgeI18n/CORE]: Loading I18N data entries: 6430
[24Jan2026 17:18:41.739] [main/DEBUG] [net.minecraftforge.fml.ModWorkManager/LOADING]: Using 2 threads for parallel mod-loading
[24Jan2026 17:18:41.747] [main/DEBUG] [net.minecraftforge.fml.javafmlmod.FMLJavaModLanguageProvider/LOADING]: Loading FMLModContainer from classloader cpw.mods.modlauncher.TransformingClassLoader@3cd26422 - got cpw.mods.cl.ModuleClassLoader@187eb9a8
[24Jan2026 17:18:41.747] [main/DEBUG] [net.minecraftforge.fml.javafmlmod.FMLModContainer/LOADING]: Creating FMLModContainer instance for net.blay09.mods.kuma.forge.ForgeKumaAPI
[24Jan2026 17:18:41.755] [main/DEBUG] [net.minecraftforge.fml.javafmlmod.FMLJavaModLanguageProvider/LOADING]: Loading FMLModContainer from classloader cpw.mods.modlauncher.TransformingClassLoader@3cd26422 - got cpw.mods.cl.ModuleClassLoader@187eb9a8
[24Jan2026 17:18:41.755] [main/DEBUG] [net.minecraftforge.fml.javafmlmod.FMLModContainer/LOADING]: Creating FMLModContainer instance for net.blay09.mods.trashslot.ForgeTrashSlot
[24Jan2026 17:18:41.756] [main/DEBUG] [net.minecraftforge.fml.javafmlmod.FMLJavaModLanguageProvider/LOADING]: Loading FMLModContainer from classloader cpw.mods.modlauncher.TransformingClassLoader@3cd26422 - got cpw.mods.cl.ModuleClassLoader@187eb9a8
[24Jan2026 17:18:41.756] [main/DEBUG] [net.minecraftforge.fml.javafmlmod.FMLModContainer/LOADING]: Creating FMLModContainer instance for fuzs.mutantmonsters.MutantMonstersForge
[24Jan2026 17:18:41.757] [main/DEBUG] [net.minecraftforge.fml.javafmlmod.FMLJavaModLanguageProvider/LOADING]: Loading FMLModContainer from classloader cpw.mods.modlauncher.TransformingClassLoader@3cd26422 - got cpw.mods.cl.ModuleClassLoader@187eb9a8
[24Jan2026 17:18:41.757] [main/DEBUG] [net.minecraftforge.fml.javafmlmod.FMLModContainer/LOADING]: Creating FMLModContainer instance for software.bernie.example.GeckoLibMod
[24Jan2026 17:18:41.758] [main/DEBUG] [net.minecraftforge.fml.javafmlmod.FMLJavaModLanguageProvider/LOADING]: Loading FMLModContainer from classloader cpw.mods.modlauncher.TransformingClassLoader@3cd26422 - got cpw.mods.cl.ModuleClassLoader@187eb9a8
[24Jan2026 17:18:41.758] [main/DEBUG] [net.minecraftforge.fml.javafmlmod.FMLModContainer/LOADING]: Creating FMLModContainer instance for mezz.jei.forge.JustEnoughItems
[24Jan2026 17:18:41.759] [main/DEBUG] [net.minecraftforge.fml.javafmlmod.FMLJavaModLanguageProvider/LOADING]: Loading FMLModContainer from classloader cpw.mods.modlauncher.TransformingClassLoader@3cd26422 - got cpw.mods.cl.ModuleClassLoader@187eb9a8
[24Jan2026 17:18:41.759] [main/DEBUG] [net.minecraftforge.fml.javafmlmod.FMLModContainer/LOADING]: Creating FMLModContainer instance for net.mcreator.borninchaosv.BornInChaosV1Mod
[24Jan2026 17:18:41.761] [main/DEBUG] [net.minecraftforge.fml.lowcodemod.LowCodeModLanguageProvider.LowCodeModTarget/LOADING]: Loading LowCodeModContainer from classloader cpw.mods.modlauncher.TransformingClassLoader@3cd26422 - got cpw.mods.cl.ModuleClassLoader@187eb9a8
[24Jan2026 17:18:41.761] [main/DEBUG] [net.minecraftforge.fml.lowcodemod.LowCodeModContainer/LOADING]: Creating LowCodeModContainer for incendium
[24Jan2026 17:18:41.761] [main/DEBUG] [net.minecraftforge.fml.javafmlmod.FMLJavaModLanguageProvider/LOADING]: Loading FMLModContainer from classloader cpw.mods.modlauncher.TransformingClassLoader@3cd26422 - got cpw.mods.cl.ModuleClassLoader@187eb9a8
[24Jan2026 17:18:41.761] [main/DEBUG] [net.minecraftforge.fml.javafmlmod.FMLModContainer/LOADING]: Creating FMLModContainer instance for net.p3pp3rf1y.sophisticatedcore.SophisticatedCore
[24Jan2026 17:18:41.762] [main/DEBUG] [net.minecraftforge.fml.javafmlmod.FMLJavaModLanguageProvider/LOADING]: Loading FMLModContainer from classloader cpw.mods.modlauncher.TransformingClassLoader@3cd26422 - got cpw.mods.cl.ModuleClassLoader@187eb9a8
[24Jan2026 17:18:41.763] [main/DEBUG] [net.minecraftforge.fml.javafmlmod.FMLModContainer/LOADING]: Creating FMLModContainer instance for xaero.minimap.XaeroMinimapForge
[24Jan2026 17:18:41.765] [main/DEBUG] [net.minecraftforge.fml.lowcodemod.LowCodeModLanguageProvider.LowCodeModTarget/LOADING]: Loading LowCodeModContainer from classloader cpw.mods.modlauncher.TransformingClassLoader@3cd26422 - got cpw.mods.cl.ModuleClassLoader@187eb9a8
[24Jan2026 17:18:41.766] [main/DEBUG] [net.minecraftforge.fml.lowcodemod.LowCodeModContainer/LOADING]: Creating LowCodeModContainer for structory
[24Jan2026 17:18:41.766] [main/DEBUG] [net.minecraftforge.fml.javafmlmod.FMLJavaModLanguageProvider/LOADING]: Loading FMLModContainer from classloader cpw.mods.modlauncher.TransformingClassLoader@3cd26422 - got cpw.mods.cl.ModuleClassLoader@187eb9a8
[24Jan2026 17:18:41.766] [main/DEBUG] [net.minecraftforge.fml.javafmlmod.FMLModContainer/LOADING]: Creating FMLModContainer instance for xaero.map.WorldMapForge
[24Jan2026 17:18:41.768] [main/DEBUG] [net.minecraftforge.fml.javafmlmod.FMLJavaModLanguageProvider/LOADING]: Loading FMLModContainer from classloader cpw.mods.modlauncher.TransformingClassLoader@3cd26422 - got cpw.mods.cl.ModuleClassLoader@187eb9a8
[24Jan2026 17:18:41.768] [main/DEBUG] [net.minecraftforge.fml.javafmlmod.FMLModContainer/LOADING]: Creating FMLModContainer instance for cy.jdkdigital.everythingcopper.EverythingCopper
[24Jan2026 17:18:41.768] [main/DEBUG] [net.minecraftforge.fml.lowcodemod.LowCodeModLanguageProvider.LowCodeModTarget/LOADING]: Loading LowCodeModContainer from classloader cpw.mods.modlauncher.TransformingClassLoader@3cd26422 - got cpw.mods.cl.ModuleClassLoader@187eb9a8
[24Jan2026 17:18:41.769] [main/DEBUG] [net.minecraftforge.fml.lowcodemod.LowCodeModContainer/LOADING]: Creating LowCodeModContainer for mr_dungeons_andtaverns
[24Jan2026 17:18:41.769] [main/DEBUG] [net.minecraftforge.fml.javafmlmod.FMLJavaModLanguageProvider/LOADING]: Loading FMLModContainer from classloader cpw.mods.modlauncher.TransformingClassLoader@3cd26422 - got cpw.mods.cl.ModuleClassLoader@187eb9a8
[24Jan2026 17:18:41.769] [main/DEBUG] [net.minecraftforge.fml.javafmlmod.FMLModContainer/LOADING]: Creating FMLModContainer instance for com.llamalad7.mixinextras.platform.forge.MixinExtrasMod
[24Jan2026 17:18:41.770] [main/DEBUG] [net.minecraftforge.fml.javafmlmod.FMLJavaModLanguageProvider/LOADING]: Loading FMLModContainer from classloader cpw.mods.modlauncher.TransformingClassLoader@3cd26422 - got cpw.mods.cl.ModuleClassLoader@187eb9a8
[24Jan2026 17:18:41.770] [main/DEBUG] [net.minecraftforge.fml.javafmlmod.FMLModContainer/LOADING]: Creating FMLModContainer instance for xiroc.dungeoncrawl.DungeonCrawl
[24Jan2026 17:18:41.771] [main/DEBUG] [net.minecraftforge.fml.javafmlmod.FMLJavaModLanguageProvider/LOADING]: Loading FMLModContainer from classloader cpw.mods.modlauncher.TransformingClassLoader@3cd26422 - got cpw.mods.cl.ModuleClassLoader@187eb9a8
[24Jan2026 17:18:41.771] [main/DEBUG] [net.minecraftforge.fml.javafmlmod.FMLModContainer/LOADING]: Creating FMLModContainer instance for net.p3pp3rf1y.sophisticatedbackpacks.SophisticatedBackpacks
[24Jan2026 17:18:41.772] [main/DEBUG] [net.minecraftforge.fml.javafmlmod.FMLJavaModLanguageProvider/LOADING]: Loading FMLModContainer from classloader cpw.mods.modlauncher.TransformingClassLoader@3cd26422 - got cpw.mods.cl.ModuleClassLoader@187eb9a8
[24Jan2026 17:18:41.772] [main/DEBUG] [net.minecraftforge.fml.javafmlmod.FMLModContainer/LOADING]: Creating FMLModContainer instance for com.izofar.takesapillage.TakesAPillageMod
[24Jan2026 17:18:41.773] [main/DEBUG] [net.minecraftforge.fml.javafmlmod.FMLJavaModLanguageProvider/LOADING]: Loading FMLModContainer from classloader cpw.mods.modlauncher.TransformingClassLoader@3cd26422 - got cpw.mods.cl.ModuleClassLoader@187eb9a8
[24Jan2026 17:18:41.773] [main/DEBUG] [net.minecraftforge.fml.javafmlmod.FMLModContainer/LOADING]: Creating FMLModContainer instance for net.blay09.mods.balm.forge.ForgeBalm
[24Jan2026 17:18:41.774] [main/DEBUG] [net.minecraftforge.fml.javafmlmod.FMLJavaModLanguageProvider/LOADING]: Loading FMLModContainer from classloader cpw.mods.modlauncher.TransformingClassLoader@3cd26422 - got cpw.mods.cl.ModuleClassLoader@187eb9a8
[24Jan2026 17:18:41.774] [main/DEBUG] [net.minecraftforge.fml.javafmlmod.FMLModContainer/LOADING]: Creating FMLModContainer instance for fuzs.puzzleslib.impl.PuzzlesLibForge
[24Jan2026 17:18:41.775] [main/DEBUG] [net.minecraftforge.fml.javafmlmod.FMLJavaModLanguageProvider/LOADING]: Loading FMLModContainer from classloader cpw.mods.modlauncher.TransformingClassLoader@3cd26422 - got cpw.mods.cl.ModuleClassLoader@187eb9a8
[24Jan2026 17:18:41.775] [main/DEBUG] [net.minecraftforge.fml.javafmlmod.FMLModContainer/LOADING]: Creating FMLModContainer instance for fuzs.puzzlesaccessapi.forge.PuzzlesAccessApiForge
[24Jan2026 17:18:41.775] [main/DEBUG] [net.minecraftforge.fml.javafmlmod.FMLJavaModLanguageProvider/LOADING]: Loading FMLModContainer from classloader cpw.mods.modlauncher.TransformingClassLoader@3cd26422 - got cpw.mods.cl.ModuleClassLoader@187eb9a8
[24Jan2026 17:18:41.776] [main/DEBUG] [net.minecraftforge.fml.javafmlmod.FMLModContainer/LOADING]: Creating FMLModContainer instance for net.aurelj.dungeons_arise_seven_seas.DungeonsAriseSevenSeasMain
[24Jan2026 17:18:41.776] [main/DEBUG] [net.minecraftforge.fml.javafmlmod.FMLJavaModLanguageProvider/LOADING]: Loading FMLModContainer from classloader cpw.mods.modlauncher.TransformingClassLoader@3cd26422 - got cpw.mods.cl.ModuleClassLoader@187eb9a8
[24Jan2026 17:18:41.776] [main/DEBUG] [net.minecraftforge.fml.javafmlmod.FMLModContainer/LOADING]: Creating FMLModContainer instance for net.minecraftforge.common.ForgeMod
[24Jan2026 17:18:41.779] [main/DEBUG] [net.minecraftforge.fml.javafmlmod.FMLJavaModLanguageProvider/LOADING]: Loading FMLModContainer from classloader cpw.mods.modlauncher.TransformingClassLoader@3cd26422 - got cpw.mods.cl.ModuleClassLoader@187eb9a8
[24Jan2026 17:18:41.779] [main/DEBUG] [net.minecraftforge.fml.javafmlmod.FMLModContainer/LOADING]: Creating FMLModContainer instance for de.cristelknight999.t_and_t.TT
[24Jan2026 17:18:41.779] [main/DEBUG] [net.minecraftforge.fml.javafmlmod.FMLJavaModLanguageProvider/LOADING]: Loading FMLModContainer from classloader cpw.mods.modlauncher.TransformingClassLoader@3cd26422 - got cpw.mods.cl.ModuleClassLoader@187eb9a8
[24Jan2026 17:18:41.780] [main/DEBUG] [net.minecraftforge.fml.javafmlmod.FMLModContainer/LOADING]: Creating FMLModContainer instance for fuzs.enchantinginfuser.EnchantingInfuserForge
[24Jan2026 17:18:41.780] [main/DEBUG] [net.minecraftforge.fml.javafmlmod.FMLJavaModLanguageProvider/LOADING]: Loading FMLModContainer from classloader cpw.mods.modlauncher.TransformingClassLoader@3cd26422 - got cpw.mods.cl.ModuleClassLoader@187eb9a8
[24Jan2026 17:18:41.780] [main/DEBUG] [net.minecraftforge.fml.javafmlmod.FMLModContainer/LOADING]: Creating FMLModContainer instance for net.aurelj.dungeons_arise.DungeonsAriseMain
[24Jan2026 17:18:41.781] [main/DEBUG] [net.minecraftforge.fml.javafmlmod.FMLJavaModLanguageProvider/LOADING]: Loading FMLModContainer from classloader cpw.mods.modlauncher.TransformingClassLoader@3cd26422 - got cpw.mods.cl.ModuleClassLoader@187eb9a8
[24Jan2026 17:18:41.781] [main/DEBUG] [net.minecraftforge.fml.javafmlmod.FMLModContainer/LOADING]: Creating FMLModContainer instance for net.cristellib.forge.CristelLibForge
[24Jan2026 17:18:41.818] [modloading-worker-0/DEBUG] [net.minecraftforge.fml.javafmlmod.AutomaticEventSubscriber/LOADING]: Attempting to inject @EventBusSubscriber classes into the eventbus for kuma_api
[24Jan2026 17:18:41.828] [modloading-worker-0/DEBUG] [net.minecraftforge.fml.javafmlmod.AutomaticEventSubscriber/LOADING]: Attempting to inject @EventBusSubscriber classes into the eventbus for mutantmonsters
[24Jan2026 17:18:41.833] [modloading-worker-0/DEBUG] [net.minecraftforge.fml.javafmlmod.AutomaticEventSubscriber/LOADING]: Auto-subscribing fuzs.mutantmonsters.MutantMonstersForge to MOD
[24Jan2026 17:18:41.946] [modloading-worker-0/INFO] [Puzzles Lib/]: Constructing common components for mutantmonsters:main
[24Jan2026 17:18:42.010] [modloading-worker-0/DEBUG] [net.minecraftforge.fml.config.ConfigTracker/CONFIG]: Config file mutantmonsters-common.toml for mutantmonsters tracking
[24Jan2026 17:18:42.022] [modloading-worker-0/DEBUG] [net.minecraftforge.fml.config.ConfigTracker/CONFIG]: Config file mutantmonsters-server.toml for mutantmonsters tracking
[24Jan2026 17:18:42.071] [modloading-worker-0/DEBUG] [mixin/]: Mixing ReloadableServerResourcesMixin from balm.mixins.json into net.minecraft.server.ReloadableServerResources
[24Jan2026 17:18:42.074] [modloading-worker-0/DEBUG] [mixin/]: Renaming synthetic method lambda$loadResources$0(Lnet/minecraft/server/ReloadableServerResources;)V to md5a866b$lambda$loadResources$0$0 in balm.mixins.json:ReloadableServerResourcesMixin
[24Jan2026 17:18:42.093] [modloading-worker-0/DEBUG] [net.minecraftforge.fml.config.ConfigTracker/CONFIG]: Config file trashslot-common.toml for trashslot tracking
[24Jan2026 17:18:42.136] [modloading-worker-0/DEBUG] [net.minecraftforge.fml.javafmlmod.AutomaticEventSubscriber/LOADING]: Attempting to inject @EventBusSubscriber classes into the eventbus for trashslot
[24Jan2026 17:18:42.183] [modloading-worker-0/DEBUG] [net.minecraftforge.fml.javafmlmod.AutomaticEventSubscriber/LOADING]: Attempting to inject @EventBusSubscriber classes into the eventbus for geckolib
[24Jan2026 17:18:42.183] [modloading-worker-0/DEBUG] [net.minecraftforge.fml.javafmlmod.AutomaticEventSubscriber/LOADING]: Auto-subscribing software.bernie.example.GeckoLibMod to FORGE
[24Jan2026 17:18:42.184] [modloading-worker-0/DEBUG] [mixin/]: Mixing accessor.LootContextParamSetsAccessor from mutantmonsters.common.mixins.json into net.minecraft.world.level.storage.loot.parameters.LootContextParamSets
[24Jan2026 17:18:42.186] [modloading-worker-0/DEBUG] [net.minecraftforge.fml.javafmlmod.AutomaticEventSubscriber/LOADING]: Auto-subscribing software.bernie.example.CommonListener to MOD
[24Jan2026 17:18:42.198] [modloading-worker-0/DEBUG] [net.minecraftforge.fml.config.ConfigTracker/CONFIG]: Config file jei-server.toml for jei tracking
[24Jan2026 17:18:42.215] [modloading-worker-0/DEBUG] [net.minecraftforge.fml.javafmlmod.AutomaticEventSubscriber/LOADING]: Attempting to inject @EventBusSubscriber classes into the eventbus for jei
[24Jan2026 17:18:42.294] [modloading-worker-0/DEBUG] [net.minecraftforge.fml.config.ConfigTracker/CONFIG]: Config file sophisticatedcore-common.toml for sophisticatedcore tracking
[24Jan2026 17:18:42.296] [modloading-worker-0/DEBUG] [net.minecraftforge.fml.config.ConfigTracker/CONFIG]: Config file sophisticatedcore-client.toml for sophisticatedcore tracking
[24Jan2026 17:18:42.321] [modloading-worker-0/DEBUG] [mixin/]: Mixing MixinPlayerList from xaerohud.mixins.json into net.minecraft.server.players.PlayerList
[24Jan2026 17:18:42.324] [modloading-worker-0/DEBUG] [mixin/]: Mixing MixinPlayerList from xaeroworldmap.mixins.json into net.minecraft.server.players.PlayerList
[24Jan2026 17:18:42.325] [modloading-worker-0/DEBUG] [mixin/]: Mixing PlayerListMixin from balm.mixins.json into net.minecraft.server.players.PlayerList
[24Jan2026 17:18:42.400] [modloading-worker-0/DEBUG] [net.minecraftforge.fml.javafmlmod.AutomaticEventSubscriber/LOADING]: Attempting to inject @EventBusSubscriber classes into the eventbus for sophisticatedcore
[24Jan2026 17:18:42.471] [modloading-worker-0/DEBUG] [xaero.hud.minimap.MinimapLogs/]: Loaded xaero.common.platform.services.ForgePlatformHelper@67b7cc12 for service interface xaero.common.platform.services.IPlatformHelper
[24Jan2026 17:18:42.493] [modloading-worker-0/DEBUG] [net.minecraftforge.fml.javafmlmod.AutomaticEventSubscriber/LOADING]: Attempting to inject @EventBusSubscriber classes into the eventbus for xaerominimap
[24Jan2026 17:18:42.527] [modloading-worker-0/DEBUG] [xaero.map.WorldMap/]: Loaded xaero.map.platform.services.ForgePlatformHelper@73bfc404 for service interface xaero.map.platform.services.IPlatformHelper
[24Jan2026 17:18:42.554] [modloading-worker-0/DEBUG] [net.minecraftforge.fml.javafmlmod.AutomaticEventSubscriber/LOADING]: Attempting to inject @EventBusSubscriber classes into the eventbus for xaeroworldmap
[24Jan2026 17:18:42.690] [modloading-worker-0/DEBUG] [net.minecraftforge.fml.javafmlmod.AutomaticEventSubscriber/LOADING]: Attempting to inject @EventBusSubscriber classes into the eventbus for everythingcopper
[24Jan2026 17:18:42.692] [modloading-worker-0/DEBUG] [net.minecraftforge.fml.javafmlmod.AutomaticEventSubscriber/LOADING]: Auto-subscribing cy.jdkdigital.everythingcopper.init.ModRecipeTypes to MOD
[24Jan2026 17:18:42.693] [modloading-worker-0/DEBUG] [net.minecraftforge.fml.javafmlmod.AutomaticEventSubscriber/LOADING]: Auto-subscribing cy.jdkdigital.everythingcopper.init.ModLootModifiers to MOD
[24Jan2026 17:18:42.693] [modloading-worker-0/DEBUG] [net.minecraftforge.fml.javafmlmod.AutomaticEventSubscriber/LOADING]: Auto-subscribing cy.jdkdigital.everythingcopper.event.EventHandler to FORGE
[24Jan2026 17:18:42.700] [modloading-worker-0/DEBUG] [net.minecraftforge.fml.javafmlmod.AutomaticEventSubscriber/LOADING]: Auto-subscribing cy.jdkdigital.everythingcopper.datagen.DataProvider to MOD
[24Jan2026 17:18:42.702] [modloading-worker-0/DEBUG] [net.minecraftforge.fml.javafmlmod.AutomaticEventSubscriber/LOADING]: Attempting to inject @EventBusSubscriber classes into the eventbus for mixinextras
[24Jan2026 17:18:42.704] [modloading-worker-0/INFO] [Dungeon Crawl/]: Here we go! Launching Dungeon Crawl 2.3.15...
[24Jan2026 17:18:42.705] [modloading-worker-0/DEBUG] [net.minecraftforge.fml.javafmlmod.AutomaticEventSubscriber/LOADING]: Attempting to inject @EventBusSubscriber classes into the eventbus for dungeoncrawl
[24Jan2026 17:18:42.802] [modloading-worker-0/DEBUG] [net.minecraftforge.fml.config.ConfigTracker/CONFIG]: Config file sophisticatedbackpacks-server.toml for sophisticatedbackpacks tracking
[24Jan2026 17:18:42.806] [modloading-worker-0/DEBUG] [net.minecraftforge.fml.config.ConfigTracker/CONFIG]: Config file sophisticatedbackpacks-common.toml for sophisticatedbackpacks tracking
[24Jan2026 17:18:43.366] [modloading-worker-0/DEBUG] [net.minecraftforge.fml.javafmlmod.AutomaticEventSubscriber/LOADING]: Attempting to inject @EventBusSubscriber classes into the eventbus for sophisticatedbackpacks
[24Jan2026 17:18:43.399] [modloading-worker-0/DEBUG] [net.minecraftforge.fml.config.ConfigTracker/CONFIG]: Config file takesapillage-common.toml for takesapillage tracking
[24Jan2026 17:18:43.399] [modloading-worker-0/DEBUG] [net.minecraftforge.fml.javafmlmod.AutomaticEventSubscriber/LOADING]: Attempting to inject @EventBusSubscriber classes into the eventbus for takesapillage
[24Jan2026 17:18:43.399] [modloading-worker-0/DEBUG] [net.minecraftforge.fml.javafmlmod.AutomaticEventSubscriber/LOADING]: Auto-subscribing com.izofar.takesapillage.RegistryEvents to MOD
[24Jan2026 17:18:43.505] [modloading-worker-0/DEBUG] [net.minecraftforge.fml.javafmlmod.AutomaticEventSubscriber/LOADING]: Attempting to inject @EventBusSubscriber classes into the eventbus for balm
[24Jan2026 17:18:43.506] [modloading-worker-0/DEBUG] [net.minecraftforge.fml.javafmlmod.AutomaticEventSubscriber/LOADING]: Attempting to inject @EventBusSubscriber classes into the eventbus for puzzleslib
[24Jan2026 17:18:43.506] [modloading-worker-0/DEBUG] [net.minecraftforge.fml.javafmlmod.AutomaticEventSubscriber/LOADING]: Auto-subscribing fuzs.puzzleslib.impl.PuzzlesLibForge to MOD
[24Jan2026 17:18:43.559] [modloading-worker-0/INFO] [Puzzles Lib/]: Constructing common components for puzzleslib:main
[24Jan2026 17:18:43.616] [modloading-worker-0/DEBUG] [net.minecraftforge.fml.javafmlmod.AutomaticEventSubscriber/LOADING]: Attempting to inject @EventBusSubscriber classes into the eventbus for puzzlesaccessapi
[24Jan2026 17:18:43.617] [modloading-worker-0/DEBUG] [net.minecraftforge.fml.javafmlmod.AutomaticEventSubscriber/LOADING]: Attempting to inject @EventBusSubscriber classes into the eventbus for dungeons_arise_seven_seas
[24Jan2026 17:18:43.646] [modloading-worker-0/DEBUG] [net.minecraftforge.versions.forge.ForgeVersion/CORE]: Forge Version package package net.minecraftforge.versions.forge, Forge, version 47.3 from cpw.mods.modlauncher.TransformingClassLoader@3cd26422
[24Jan2026 17:18:43.651] [modloading-worker-0/DEBUG] [net.minecraftforge.versions.forge.ForgeVersion/CORE]: Found Forge version 47.3.7
[24Jan2026 17:18:43.651] [modloading-worker-0/DEBUG] [net.minecraftforge.versions.forge.ForgeVersion/CORE]: Found Forge spec 47.3
[24Jan2026 17:18:43.651] [modloading-worker-0/DEBUG] [net.minecraftforge.versions.forge.ForgeVersion/CORE]: Found Forge group net.minecraftforge
[24Jan2026 17:18:43.651] [modloading-worker-0/DEBUG] [net.minecraftforge.versions.mcp.MCPVersion/CORE]: MCP Version package package net.minecraftforge.versions.mcp, Minecraft, version 1.20.1 from cpw.mods.modlauncher.TransformingClassLoader@3cd26422
[24Jan2026 17:18:43.651] [modloading-worker-0/DEBUG] [net.minecraftforge.versions.mcp.MCPVersion/CORE]: Found MC version information 1.20.1
[24Jan2026 17:18:43.652] [modloading-worker-0/DEBUG] [net.minecraftforge.versions.mcp.MCPVersion/CORE]: Found MCP version information 20230612.114412
[24Jan2026 17:18:43.652] [modloading-worker-0/INFO] [net.minecraftforge.common.ForgeMod/FORGEMOD]: Forge mod loading, version 47.3.7, for MC 1.20.1 with MCP 20230612.114412
[24Jan2026 17:18:43.655] [modloading-worker-0/INFO] [net.minecraftforge.common.MinecraftForge/FORGE]: MinecraftForge v47.3.7 Initialized
[24Jan2026 17:18:43.732] [modloading-worker-0/DEBUG] [io.netty.util.internal.PlatformDependent0/]: -Dio.netty.noUnsafe: false
[24Jan2026 17:18:43.734] [modloading-worker-0/DEBUG] [io.netty.util.internal.PlatformDependent0/]: Java version: 17
[24Jan2026 17:18:43.735] [modloading-worker-0/DEBUG] [io.netty.util.internal.PlatformDependent0/]: sun.misc.Unsafe.theUnsafe: available
[24Jan2026 17:18:43.736] [modloading-worker-0/DEBUG] [io.netty.util.internal.PlatformDependent0/]: sun.misc.Unsafe.copyMemory: available
[24Jan2026 17:18:43.736] [modloading-worker-0/DEBUG] [io.netty.util.internal.PlatformDependent0/]: sun.misc.Unsafe.storeFence: available
[24Jan2026 17:18:43.736] [modloading-worker-0/DEBUG] [io.netty.util.internal.PlatformDependent0/]: java.nio.Buffer.address: available
[24Jan2026 17:18:43.737] [modloading-worker-0/DEBUG] [io.netty.util.internal.PlatformDependent0/]: direct buffer constructor: unavailable
java.lang.UnsupportedOperationException: Reflective setAccessible(true) disabled
	at io.netty.util.internal.ReflectionUtil.trySetAccessible(ReflectionUtil.java:31) ~[netty-common-4.1.82.Final.jar%2382!/:4.1.82.Final]
	at io.netty.util.internal.PlatformDependent0$5.run(PlatformDependent0.java:288) ~[netty-common-4.1.82.Final.jar%2382!/:4.1.82.Final]
	at java.security.AccessController.doPrivileged(AccessController.java:318) ~[?:?]
	at io.netty.util.internal.PlatformDependent0.<clinit>(PlatformDependent0.java:282) ~[netty-common-4.1.82.Final.jar%2382!/:4.1.82.Final]
	at io.netty.util.internal.PlatformDependent.isAndroid(PlatformDependent.java:333) ~[netty-common-4.1.82.Final.jar%2382!/:4.1.82.Final]
	at io.netty.util.internal.PlatformDependent.<clinit>(PlatformDependent.java:88) ~[netty-common-4.1.82.Final.jar%2382!/:4.1.82.Final]
	at io.netty.util.ConstantPool.<init>(ConstantPool.java:34) ~[netty-common-4.1.82.Final.jar%2382!/:4.1.82.Final]
	at io.netty.util.AttributeKey$1.<init>(AttributeKey.java:27) ~[netty-common-4.1.82.Final.jar%2382!/:4.1.82.Final]
	at io.netty.util.AttributeKey.<clinit>(AttributeKey.java:27) ~[netty-common-4.1.82.Final.jar%2382!/:4.1.82.Final]
	at net.minecraftforge.network.NetworkConstants.<clinit>(NetworkConstants.java:34) ~[forge-1.20.1-47.3.7-universal.jar%23152!/:?]
	at net.minecraftforge.common.ForgeMod.<init>(ForgeMod.java:429) ~[forge-1.20.1-47.3.7-universal.jar%23152!/:?]
	at jdk.internal.reflect.NativeConstructorAccessorImpl.newInstance0(Native Method) ~[?:?]
	at jdk.internal.reflect.NativeConstructorAccessorImpl.newInstance(NativeConstructorAccessorImpl.java:77) ~[?:?]
	at jdk.internal.reflect.DelegatingConstructorAccessorImpl.newInstance(DelegatingConstructorAccessorImpl.java:45) ~[?:?]
	at java.lang.reflect.Constructor.newInstanceWithCaller(Constructor.java:500) ~[?:?]
	at java.lang.reflect.Constructor.newInstance(Constructor.java:481) ~[?:?]
	at net.minecraftforge.fml.javafmlmod.FMLModContainer.constructMod(FMLModContainer.java:70) ~[javafmllanguage-1.20.1-47.3.7.jar%23149!/:?]
	at net.minecraftforge.fml.ModContainer.lambda$buildTransitionHandler$4(ModContainer.java:124) ~[fmlcore-1.20.1-47.3.7.jar%23148!/:?]
	at java.util.concurrent.CompletableFuture$AsyncRun.run(CompletableFuture.java:1804) ~[?:?]
	at java.util.concurrent.CompletableFuture$AsyncRun.exec(CompletableFuture.java:1796) ~[?:?]
	at java.util.concurrent.ForkJoinTask.doExec(ForkJoinTask.java:373) ~[?:?]
	at java.util.concurrent.ForkJoinPool$WorkQueue.topLevelExec(ForkJoinPool.java:1182) ~[?:?]
	at java.util.concurrent.ForkJoinPool.scan(ForkJoinPool.java:1655) ~[?:?]
	at java.util.concurrent.ForkJoinPool.runWorker(ForkJoinPool.java:1622) ~[?:?]
	at java.util.concurrent.ForkJoinWorkerThread.run(ForkJoinWorkerThread.java:165) ~[?:?]
[24Jan2026 17:18:43.741] [modloading-worker-0/DEBUG] [io.netty.util.internal.PlatformDependent0/]: java.nio.Bits.unaligned: available, true
[24Jan2026 17:18:43.742] [modloading-worker-0/DEBUG] [io.netty.util.internal.PlatformDependent0/]: jdk.internal.misc.Unsafe.allocateUninitializedArray(int): unavailable
java.lang.IllegalAccessException: class io.netty.util.internal.PlatformDependent0$7 (in module io.netty.common) cannot access class jdk.internal.misc.Unsafe (in module java.base) because module java.base does not export jdk.internal.misc to module io.netty.common
	at jdk.internal.reflect.Reflection.newIllegalAccessException(Reflection.java:392) ~[?:?]
	at java.lang.reflect.AccessibleObject.checkAccess(AccessibleObject.java:674) ~[?:?]
	at java.lang.reflect.Method.invoke(Method.java:561) ~[?:?]
	at io.netty.util.internal.PlatformDependent0$7.run(PlatformDependent0.java:410) ~[netty-common-4.1.82.Final.jar%2382!/:4.1.82.Final]
	at java.security.AccessController.doPrivileged(AccessController.java:318) ~[?:?]
	at io.netty.util.internal.PlatformDependent0.<clinit>(PlatformDependent0.java:401) ~[netty-common-4.1.82.Final.jar%2382!/:4.1.82.Final]
	at io.netty.util.internal.PlatformDependent.isAndroid(PlatformDependent.java:333) ~[netty-common-4.1.82.Final.jar%2382!/:4.1.82.Final]
	at io.netty.util.internal.PlatformDependent.<clinit>(PlatformDependent.java:88) ~[netty-common-4.1.82.Final.jar%2382!/:4.1.82.Final]
	at io.netty.util.ConstantPool.<init>(ConstantPool.java:34) ~[netty-common-4.1.82.Final.jar%2382!/:4.1.82.Final]
	at io.netty.util.AttributeKey$1.<init>(AttributeKey.java:27) ~[netty-common-4.1.82.Final.jar%2382!/:4.1.82.Final]
	at io.netty.util.AttributeKey.<clinit>(AttributeKey.java:27) ~[netty-common-4.1.82.Final.jar%2382!/:4.1.82.Final]
	at net.minecraftforge.network.NetworkConstants.<clinit>(NetworkConstants.java:34) ~[forge-1.20.1-47.3.7-universal.jar%23152!/:?]
	at net.minecraftforge.common.ForgeMod.<init>(ForgeMod.java:429) ~[forge-1.20.1-47.3.7-universal.jar%23152!/:?]
	at jdk.internal.reflect.NativeConstructorAccessorImpl.newInstance0(Native Method) ~[?:?]
	at jdk.internal.reflect.NativeConstructorAccessorImpl.newInstance(NativeConstructorAccessorImpl.java:77) ~[?:?]
	at jdk.internal.reflect.DelegatingConstructorAccessorImpl.newInstance(DelegatingConstructorAccessorImpl.java:45) ~[?:?]
	at java.lang.reflect.Constructor.newInstanceWithCaller(Constructor.java:500) ~[?:?]
	at java.lang.reflect.Constructor.newInstance(Constructor.java:481) ~[?:?]
	at net.minecraftforge.fml.javafmlmod.FMLModContainer.constructMod(FMLModContainer.java:70) ~[javafmllanguage-1.20.1-47.3.7.jar%23149!/:?]
	at net.minecraftforge.fml.ModContainer.lambda$buildTransitionHandler$4(ModContainer.java:124) ~[fmlcore-1.20.1-47.3.7.jar%23148!/:?]
	at java.util.concurrent.CompletableFuture$AsyncRun.run(CompletableFuture.java:1804) ~[?:?]
	at java.util.concurrent.CompletableFuture$AsyncRun.exec(CompletableFuture.java:1796) ~[?:?]
	at java.util.concurrent.ForkJoinTask.doExec(ForkJoinTask.java:373) ~[?:?]
	at java.util.concurrent.ForkJoinPool$WorkQueue.topLevelExec(ForkJoinPool.java:1182) ~[?:?]
	at java.util.concurrent.ForkJoinPool.scan(ForkJoinPool.java:1655) ~[?:?]
	at java.util.concurrent.ForkJoinPool.runWorker(ForkJoinPool.java:1622) ~[?:?]
	at java.util.concurrent.ForkJoinWorkerThread.run(ForkJoinWorkerThread.java:165) ~[?:?]
[24Jan2026 17:18:43.747] [modloading-worker-0/DEBUG] [io.netty.util.internal.PlatformDependent0/]: java.nio.DirectByteBuffer.<init>(long, int): unavailable
[24Jan2026 17:18:43.747] [modloading-worker-0/DEBUG] [io.netty.util.internal.PlatformDependent/]: sun.misc.Unsafe: available
[24Jan2026 17:18:43.748] [modloading-worker-0/DEBUG] [io.netty.util.internal.PlatformDependent/]: maxDirectMemory: 6442450944 bytes (maybe)
[24Jan2026 17:18:43.750] [modloading-worker-0/DEBUG] [io.netty.util.internal.PlatformDependent/]: -Dio.netty.tmpdir: /tmp (java.io.tmpdir)
[24Jan2026 17:18:43.751] [modloading-worker-0/DEBUG] [io.netty.util.internal.PlatformDependent/]: -Dio.netty.bitMode: 64 (sun.arch.data.model)
[24Jan2026 17:18:43.751] [modloading-worker-0/DEBUG] [io.netty.util.internal.PlatformDependent/]: -Dio.netty.maxDirectMemory: -1 bytes
[24Jan2026 17:18:43.751] [modloading-worker-0/DEBUG] [io.netty.util.internal.PlatformDependent/]: -Dio.netty.uninitializedArrayAllocationThreshold: -1
[24Jan2026 17:18:43.752] [modloading-worker-0/DEBUG] [io.netty.util.internal.CleanerJava9/]: java.nio.ByteBuffer.cleaner(): available
[24Jan2026 17:18:43.753] [modloading-worker-0/DEBUG] [io.netty.util.internal.PlatformDependent/]: -Dio.netty.noPreferDirect: false
[24Jan2026 17:18:43.807] [modloading-worker-0/DEBUG] [net.minecraftforge.fml.javafmlmod.AutomaticEventSubscriber/LOADING]: Attempting to inject @EventBusSubscriber classes into the eventbus for born_in_chaos_v1
[24Jan2026 17:18:43.807] [modloading-worker-0/DEBUG] [net.minecraftforge.fml.javafmlmod.AutomaticEventSubscriber/LOADING]: Auto-subscribing net.mcreator.borninchaosv.recipes.brewing.StimulatingDecoctionPBrewingRecipe to MOD
[24Jan2026 17:18:43.811] [modloading-worker-0/DEBUG] [net.minecraftforge.fml.javafmlmod.AutomaticEventSubscriber/LOADING]: Auto-subscribing net.mcreator.borninchaosv.recipes.brewing.SeaTerrorEyeKBrewingRecipe to MOD
[24Jan2026 17:18:43.811] [modloading-worker-0/DEBUG] [net.minecraftforge.common.ForgeMod/FORGEMOD]: Loading Network data for FML net version: FML3
[24Jan2026 17:18:43.814] [modloading-worker-0/DEBUG] [net.minecraftforge.fml.javafmlmod.AutomaticEventSubscriber/LOADING]: Auto-subscribing net.mcreator.borninchaosv.recipes.brewing.PotionofRampagekBrewingRecipe to MOD
[24Jan2026 17:18:43.817] [modloading-worker-0/DEBUG] [net.minecraftforge.fml.javafmlmod.AutomaticEventSubscriber/LOADING]: Auto-subscribing net.mcreator.borninchaosv.recipes.brewing.PotionofMagicalDepletionKBrewingRecipe to MOD
[24Jan2026 17:18:43.818] [modloading-worker-0/DEBUG] [net.minecraftforge.fml.javafmlmod.AutomaticEventSubscriber/LOADING]: Auto-subscribing net.mcreator.borninchaosv.recipes.brewing.PotionofLivingCocoonCraftBrewingRecipe to MOD
[24Jan2026 17:18:43.820] [modloading-worker-0/DEBUG] [net.minecraftforge.fml.javafmlmod.AutomaticEventSubscriber/LOADING]: Auto-subscribing net.mcreator.borninchaosv.recipes.brewing.IntoxicationPotionKBrewingRecipe to MOD
[24Jan2026 17:18:43.822] [modloading-worker-0/DEBUG] [net.minecraftforge.fml.javafmlmod.AutomaticEventSubscriber/LOADING]: Auto-subscribing net.mcreator.borninchaosv.recipes.brewing.ElixirofWitherResistanceCraftBrewingRecipe to MOD
[24Jan2026 17:18:43.825] [modloading-worker-0/DEBUG] [net.minecraftforge.fml.javafmlmod.AutomaticEventSubscriber/LOADING]: Auto-subscribing net.mcreator.borninchaosv.recipes.brewing.ElixirofVampirismKBrewingRecipe to MOD
[24Jan2026 17:18:43.826] [modloading-worker-0/DEBUG] [net.minecraftforge.fml.javafmlmod.AutomaticEventSubscriber/LOADING]: Auto-subscribing net.mcreator.borninchaosv.recipes.brewing.ElixirofInsectProtectionCraftBrewingRecipe to MOD
[24Jan2026 17:18:43.828] [modloading-worker-0/DEBUG] [net.minecraftforge.fml.javafmlmod.AutomaticEventSubscriber/LOADING]: Auto-subscribing net.mcreator.borninchaosv.recipes.brewing.ElixirofIceBarrierCraftBrewingRecipe to MOD
[24Jan2026 17:18:43.830] [modloading-worker-0/DEBUG] [net.minecraftforge.fml.javafmlmod.AutomaticEventSubscriber/LOADING]: Auto-subscribing net.mcreator.borninchaosv.recipes.brewing.ChaosComponentCraftBrewingRecipe to MOD
[24Jan2026 17:18:43.832] [modloading-worker-0/DEBUG] [net.minecraftforge.fml.javafmlmod.AutomaticEventSubscriber/LOADING]: Auto-subscribing net.mcreator.borninchaosv.recipes.brewing.BottleOfMagicalEnergyKBrewingRecipe to MOD
[24Jan2026 17:18:43.834] [modloading-worker-0/DEBUG] [net.minecraftforge.fml.config.ConfigTracker/CONFIG]: Config file forge-client.toml for forge tracking
[24Jan2026 17:18:43.834] [modloading-worker-0/DEBUG] [net.minecraftforge.fml.config.ConfigTracker/CONFIG]: Config file forge-server.toml for forge tracking
[24Jan2026 17:18:43.834] [modloading-worker-0/DEBUG] [net.minecraftforge.fml.ModLoadingContext/]: Attempted to register an empty config for type COMMON on mod forge
[24Jan2026 17:18:43.834] [modloading-worker-0/DEBUG] [net.minecraftforge.fml.javafmlmod.AutomaticEventSubscriber/LOADING]: Auto-subscribing net.mcreator.borninchaosv.procedures.ZombieswithDoorPriObnovlieniiTaktaSushchnostiProcedure to FORGE
[24Jan2026 17:18:43.838] [modloading-worker-0/DEBUG] [net.minecraftforge.fml.javafmlmod.AutomaticEventSubscriber/LOADING]: Auto-subscribing net.mcreator.borninchaosv.procedures.ZombiefishermanatackProcedure to FORGE
[24Jan2026 17:18:43.841] [modloading-worker-0/DEBUG] [net.minecraftforge.fml.javafmlmod.AutomaticEventSubscriber/LOADING]: Auto-subscribing net.mcreator.borninchaosv.procedures.ZombieclownatacProcedure to FORGE
[24Jan2026 17:18:43.842] [modloading-worker-0/DEBUG] [net.minecraftforge.fml.javafmlmod.AutomaticEventSubscriber/LOADING]: Auto-subscribing net.mcreator.borninchaosv.procedures.ZombieMaggotsProcedure to FORGE
[24Jan2026 17:18:43.847] [modloading-worker-0/DEBUG] [net.minecraftforge.fml.javafmlmod.AutomaticEventSubscriber/LOADING]: Auto-subscribing net.mcreator.borninchaosv.procedures.ZombieLumberjackAtackProcedure to FORGE
[24Jan2026 17:18:43.848] [modloading-worker-0/DEBUG] [net.minecraftforge.fml.javafmlmod.AutomaticEventSubscriber/LOADING]: Auto-subscribing net.mcreator.borninchaosv.procedures.ZombieBruiseratackProcedure to FORGE
[24Jan2026 17:18:43.851] [modloading-worker-0/DEBUG] [net.minecraftforge.fml.javafmlmod.AutomaticEventSubscriber/LOADING]: Auto-subscribing net.mcreator.borninchaosv.procedures.WarningSoundProcedure to FORGE
[24Jan2026 17:18:43.852] [modloading-worker-0/DEBUG] [net.minecraftforge.fml.javafmlmod.AutomaticEventSubscriber/LOADING]: Auto-subscribing net.mcreator.borninchaosv.procedures.VampiricTouchAtackProcedure to FORGE
[24Jan2026 17:18:43.855] [modloading-worker-0/DEBUG] [net.minecraftforge.fml.javafmlmod.AutomaticEventSubscriber/LOADING]: Auto-subscribing net.mcreator.borninchaosv.procedures.TransmutingElixirclicProcedure to FORGE
[24Jan2026 17:18:43.862] [modloading-worker-0/DEBUG] [net.minecraftforge.fml.javafmlmod.AutomaticEventSubscriber/LOADING]: Attempting to inject @EventBusSubscriber classes into the eventbus for forge
[24Jan2026 17:18:43.865] [modloading-worker-0/DEBUG] [net.minecraftforge.fml.javafmlmod.AutomaticEventSubscriber/LOADING]: Auto-subscribing net.minecraftforge.common.ForgeSpawnEggItem$CommonHandler to MOD
[24Jan2026 17:18:43.865] [modloading-worker-0/DEBUG] [net.minecraftforge.fml.javafmlmod.AutomaticEventSubscriber/LOADING]: Auto-subscribing net.mcreator.borninchaosv.procedures.ThornshellCrabPriShchielchkiePKMPoSushchnostiProcedure to FORGE
[24Jan2026 17:18:43.866] [modloading-worker-0/DEBUG] [net.minecraftforge.fml.javafmlmod.AutomaticEventSubscriber/LOADING]: Attempting to inject @EventBusSubscriber classes into the eventbus for t_and_t
[24Jan2026 17:18:43.866] [modloading-worker-0/DEBUG] [net.minecraftforge.fml.javafmlmod.AutomaticEventSubscriber/LOADING]: Attempting to inject @EventBusSubscriber classes into the eventbus for enchantinginfuser
[24Jan2026 17:18:43.866] [modloading-worker-0/DEBUG] [net.minecraftforge.fml.javafmlmod.AutomaticEventSubscriber/LOADING]: Auto-subscribing fuzs.enchantinginfuser.EnchantingInfuserForge to MOD
[24Jan2026 17:18:43.867] [modloading-worker-0/DEBUG] [net.minecraftforge.fml.javafmlmod.AutomaticEventSubscriber/LOADING]: Auto-subscribing net.mcreator.borninchaosv.procedures.SwarmerPreparationProcedure to FORGE
[24Jan2026 17:18:43.872] [modloading-worker-0/DEBUG] [net.minecraftforge.fml.javafmlmod.AutomaticEventSubscriber/LOADING]: Auto-subscribing net.mcreator.borninchaosv.procedures.SpiritofChaosAtackProcedure to FORGE
[24Jan2026 17:18:43.873] [modloading-worker-0/DEBUG] [net.minecraftforge.fml.javafmlmod.AutomaticEventSubscriber/LOADING]: Auto-subscribing net.mcreator.borninchaosv.procedures.SpiritGuideAtacProcedure to FORGE
[24Jan2026 17:18:43.877] [modloading-worker-0/DEBUG] [net.minecraftforge.fml.javafmlmod.AutomaticEventSubscriber/LOADING]: Auto-subscribing net.mcreator.borninchaosv.procedures.SpinyShellArmorKazhdyiTikDliaShliemaProcedure to FORGE
[24Jan2026 17:18:43.881] [modloading-worker-0/DEBUG] [net.minecraftforge.fml.javafmlmod.AutomaticEventSubscriber/LOADING]: Auto-subscribing net.mcreator.borninchaosv.procedures.SkeletonThrasherDProcedure to FORGE
[24Jan2026 17:18:43.882] [modloading-worker-0/DEBUG] [net.minecraftforge.fml.javafmlmod.AutomaticEventSubscriber/LOADING]: Auto-subscribing net.mcreator.borninchaosv.procedures.SerPumpkinheadAtacProcedure to FORGE
[24Jan2026 17:18:43.888] [modloading-worker-0/DEBUG] [net.minecraftforge.fml.javafmlmod.AutomaticEventSubscriber/LOADING]: Auto-subscribing net.mcreator.borninchaosv.procedures.SearedspiritPProcedure to FORGE
[24Jan2026 17:18:43.890] [modloading-worker-0/DEBUG] [net.minecraftforge.fml.javafmlmod.AutomaticEventSubscriber/LOADING]: Auto-subscribing net.mcreator.borninchaosv.procedures.RampagePProcedure to FORGE
[24Jan2026 17:18:43.894] [modloading-worker-0/DEBUG] [net.minecraftforge.fml.javafmlmod.AutomaticEventSubscriber/LOADING]: Auto-subscribing net.mcreator.borninchaosv.procedures.PumpkinbruiserAtacProcedure to FORGE
[24Jan2026 17:18:43.893] [modloading-worker-0/INFO] [Puzzles Lib/]: Constructing common components for enchantinginfuser:main
[24Jan2026 17:18:43.898] [modloading-worker-0/DEBUG] [net.minecraftforge.fml.javafmlmod.AutomaticEventSubscriber/LOADING]: Auto-subscribing net.mcreator.borninchaosv.procedures.PositiveTamingProcedure to FORGE
[24Jan2026 17:18:43.910] [modloading-worker-0/DEBUG] [net.minecraftforge.fml.javafmlmod.AutomaticEventSubscriber/LOADING]: Auto-subscribing net.mcreator.borninchaosv.procedures.PositiveFertilizerProcedure to FORGE
[24Jan2026 17:18:43.919] [modloading-worker-0/DEBUG] [net.minecraftforge.fml.javafmlmod.AutomaticEventSubscriber/LOADING]: Auto-subscribing net.mcreator.borninchaosv.procedures.PiritAtacProcedure to FORGE
[24Jan2026 17:18:43.923] [modloading-worker-0/DEBUG] [net.minecraftforge.fml.javafmlmod.AutomaticEventSubscriber/LOADING]: Auto-subscribing net.mcreator.borninchaosv.procedures.ObsessiondeadProcedure to FORGE
[24Jan2026 17:18:43.928] [modloading-worker-0/DEBUG] [net.minecraftforge.fml.javafmlmod.AutomaticEventSubscriber/LOADING]: Auto-subscribing net.mcreator.borninchaosv.procedures.NightmareStalkerDamProcedure to FORGE
[24Jan2026 17:18:43.930] [modloading-worker-0/DEBUG] [net.minecraftforge.fml.javafmlmod.AutomaticEventSubscriber/LOADING]: Auto-subscribing net.mcreator.borninchaosv.procedures.MrPumpkinAtacProcedure to FORGE
[24Jan2026 17:18:43.937] [modloading-worker-0/DEBUG] [net.minecraftforge.fml.javafmlmod.AutomaticEventSubscriber/LOADING]: Auto-subscribing net.mcreator.borninchaosv.procedures.MotherSpiderAtackProcedure to FORGE
[24Jan2026 17:18:43.938] [modloading-worker-0/DEBUG] [net.minecraftforge.fml.config.ConfigTracker/CONFIG]: Config file enchantinginfuser-server.toml for enchantinginfuser tracking
[24Jan2026 17:18:43.938] [modloading-worker-0/DEBUG] [net.minecraftforge.fml.javafmlmod.AutomaticEventSubscriber/LOADING]: Auto-subscribing net.mcreator.borninchaosv.procedures.MissionaryHatpProcedure to FORGE
[24Jan2026 17:18:43.945] [modloading-worker-0/DEBUG] [net.minecraftforge.fml.javafmlmod.AutomaticEventSubscriber/LOADING]: Auto-subscribing net.mcreator.borninchaosv.procedures.MissionaryAtacktargetProcedure to FORGE
[24Jan2026 17:18:43.947] [modloading-worker-0/DEBUG] [net.minecraftforge.fml.javafmlmod.AutomaticEventSubscriber/LOADING]: Auto-subscribing net.mcreator.borninchaosv.procedures.MinionsattacktargetProcedure to FORGE
[24Jan2026 17:18:43.954] [modloading-worker-0/DEBUG] [net.minecraftforge.fml.javafmlmod.AutomaticEventSubscriber/LOADING]: Attempting to inject @EventBusSubscriber classes into the eventbus for dungeons_arise
[24Jan2026 17:18:43.959] [modloading-worker-0/DEBUG] [net.minecraftforge.fml.javafmlmod.AutomaticEventSubscriber/LOADING]: Auto-subscribing net.mcreator.borninchaosv.procedures.LunarSpruceCowboyPProcedure to FORGE
[24Jan2026 17:18:43.964] [modloading-worker-0/DEBUG] [net.minecraftforge.fml.javafmlmod.AutomaticEventSubscriber/LOADING]: Auto-subscribing net.mcreator.borninchaosv.procedures.LordsFelsteedatackProcedure to FORGE
[24Jan2026 17:18:43.974] [modloading-worker-0/DEBUG] [net.minecraftforge.fml.javafmlmod.AutomaticEventSubscriber/LOADING]: Auto-subscribing net.mcreator.borninchaosv.procedures.LordTheHeadlessAtackProcedure to FORGE
[24Jan2026 17:18:43.976] [modloading-worker-0/DEBUG] [net.minecraftforge.fml.javafmlmod.AutomaticEventSubscriber/LOADING]: Auto-subscribing net.mcreator.borninchaosv.procedures.LordPumpkinheadsHatHitProcedure to FORGE
[24Jan2026 17:18:43.992] [modloading-worker-0/DEBUG] [net.minecraftforge.fml.javafmlmod.AutomaticEventSubscriber/LOADING]: Auto-subscribing net.mcreator.borninchaosv.procedures.LordPumpkinheadatackProcedure to FORGE
[24Jan2026 17:18:43.994] [modloading-worker-0/DEBUG] [net.minecraftforge.fml.javafmlmod.AutomaticEventSubscriber/LOADING]: Auto-subscribing net.mcreator.borninchaosv.procedures.LivingcocoonplayersideDeadProcedure to FORGE
[24Jan2026 17:18:44.000] [modloading-worker-0/DEBUG] [net.minecraftforge.fml.javafmlmod.AutomaticEventSubscriber/LOADING]: Auto-subscribing net.mcreator.borninchaosv.procedures.LivingCocoonDeadProcedure to FORGE
[24Jan2026 17:18:44.008] [modloading-worker-0/DEBUG] [net.minecraftforge.fml.javafmlmod.AutomaticEventSubscriber/LOADING]: Auto-subscribing net.mcreator.borninchaosv.procedures.LifestealerTFAtackProcedure to FORGE
[24Jan2026 17:18:44.012] [modloading-worker-0/DEBUG] [net.minecraftforge.fml.javafmlmod.AutomaticEventSubscriber/LOADING]: Auto-subscribing net.mcreator.borninchaosv.procedures.LifestealerAtackProcedure to FORGE
[24Jan2026 17:18:44.029] [modloading-worker-0/DEBUG] [net.minecraftforge.fml.javafmlmod.AutomaticEventSubscriber/LOADING]: Auto-subscribing net.mcreator.borninchaosv.procedures.KrampusHenchmanAttackProcedure to FORGE
[24Jan2026 17:18:44.032] [modloading-worker-0/DEBUG] [net.minecraftforge.fml.javafmlmod.AutomaticEventSubscriber/LOADING]: Auto-subscribing net.mcreator.borninchaosv.procedures.KrampusAttackProcedure to FORGE
[24Jan2026 17:18:44.043] [modloading-worker-0/DEBUG] [net.minecraftforge.fml.javafmlmod.AutomaticEventSubscriber/LOADING]: Auto-subscribing net.mcreator.borninchaosv.procedures.KillinganimalsProcedure to FORGE
[24Jan2026 17:18:44.045] [modloading-worker-0/DEBUG] [net.minecraftforge.fml.javafmlmod.AutomaticEventSubscriber/LOADING]: Auto-subscribing net.mcreator.borninchaosv.procedures.KillingVillagersProcedure to FORGE
[24Jan2026 17:18:44.049] [modloading-worker-0/DEBUG] [net.minecraftforge.fml.javafmlmod.AutomaticEventSubscriber/LOADING]: Auto-subscribing net.mcreator.borninchaosv.procedures.InsectProtectionTrigerProcedure to FORGE
[24Jan2026 17:18:44.050] [modloading-worker-0/DEBUG] [net.minecraftforge.fml.javafmlmod.AutomaticEventSubscriber/LOADING]: Auto-subscribing net.mcreator.borninchaosv.procedures.InfernalSpiritAtackProcedure to FORGE
[24Jan2026 17:18:44.055] [modloading-worker-0/DEBUG] [net.minecraftforge.fml.javafmlmod.AutomaticEventSubscriber/LOADING]: Auto-subscribing net.mcreator.borninchaosv.procedures.IceBarrierAttackProcedure to FORGE
[24Jan2026 17:18:44.058] [modloading-worker-0/DEBUG] [net.minecraftforge.fml.javafmlmod.AutomaticEventSubscriber/LOADING]: Auto-subscribing net.mcreator.borninchaosv.procedures.HewnScorchedLogPProcedure to FORGE
[24Jan2026 17:18:44.060] [modloading-worker-0/DEBUG] [net.minecraftforge.fml.javafmlmod.AutomaticEventSubscriber/LOADING]: Auto-subscribing net.mcreator.borninchaosv.procedures.HalloweenEventSpawnProcedure to FORGE
[24Jan2026 17:18:44.068] [modloading-worker-0/DEBUG] [net.minecraftforge.fml.javafmlmod.AutomaticEventSubscriber/LOADING]: Auto-subscribing net.mcreator.borninchaosv.procedures.HalloweenEventDropProcedure to FORGE
[24Jan2026 17:18:44.071] [modloading-worker-0/DEBUG] [net.minecraftforge.fml.javafmlmod.AutomaticEventSubscriber/LOADING]: Auto-subscribing net.mcreator.borninchaosv.procedures.GluttonfishatackProcedure to FORGE
[24Jan2026 17:18:44.075] [modloading-worker-0/DEBUG] [net.minecraftforge.fml.javafmlmod.AutomaticEventSubscriber/LOADING]: Auto-subscribing net.mcreator.borninchaosv.procedures.FragileScorchedPlanksPProcedure to FORGE
[24Jan2026 17:18:44.081] [modloading-worker-0/DEBUG] [net.minecraftforge.fml.javafmlmod.AutomaticEventSubscriber/LOADING]: Auto-subscribing net.mcreator.borninchaosv.procedures.FirelightDProcedure to FORGE
[24Jan2026 17:18:44.081] [modloading-worker-0/DEBUG] [net.minecraftforge.fml.javafmlmod.AutomaticEventSubscriber/LOADING]: Auto-subscribing net.mcreator.borninchaosv.procedures.ExperienceContainerDeathProcedure to FORGE
[24Jan2026 17:18:44.090] [modloading-worker-0/DEBUG] [net.minecraftforge.fml.javafmlmod.AutomaticEventSubscriber/LOADING]: Auto-subscribing net.mcreator.borninchaosv.procedures.EvilCarvedPumpkinPProcedure to FORGE
[24Jan2026 17:18:44.091] [modloading-worker-0/DEBUG] [net.minecraftforge.fml.javafmlmod.AutomaticEventSubscriber/LOADING]: Auto-subscribing net.mcreator.borninchaosv.procedures.EatingRottenFleshProcedure to FORGE
[24Jan2026 17:18:44.103] [modloading-worker-0/DEBUG] [net.minecraftforge.fml.javafmlmod.AutomaticEventSubscriber/LOADING]: Auto-subscribing net.mcreator.borninchaosv.procedures.EasterDropProcedure to FORGE
[24Jan2026 17:18:44.106] [modloading-worker-0/DEBUG] [net.minecraftforge.fml.javafmlmod.AutomaticEventSubscriber/LOADING]: Auto-subscribing net.mcreator.borninchaosv.procedures.DreadHoundPriNazhatiiPravoiKnopkiNaSushchnostProcedure to FORGE
[24Jan2026 17:18:44.107] [modloading-worker-0/DEBUG] [net.minecraftforge.fml.javafmlmod.AutomaticEventSubscriber/LOADING]: Auto-subscribing net.mcreator.borninchaosv.procedures.DreadHoundAtacProcedure to FORGE
[24Jan2026 17:18:44.112] [modloading-worker-0/DEBUG] [net.minecraftforge.fml.javafmlmod.AutomaticEventSubscriber/LOADING]: Auto-subscribing net.mcreator.borninchaosv.procedures.DireHoundLeaderAtackProcedure to FORGE
[24Jan2026 17:18:44.114] [modloading-worker-0/DEBUG] [net.minecraftforge.fml.javafmlmod.AutomaticEventSubscriber/LOADING]: Auto-subscribing net.mcreator.borninchaosv.procedures.DimonBaitProcedure to FORGE
[24Jan2026 17:18:44.117] [modloading-worker-0/DEBUG] [net.minecraftforge.fml.javafmlmod.AutomaticEventSubscriber/LOADING]: Auto-subscribing net.mcreator.borninchaosv.procedures.DeathTotemKoghdaPriedmietNakhoditsiaVRukieProcedure to FORGE
[24Jan2026 17:18:44.122] [modloading-worker-0/DEBUG] [net.minecraftforge.fml.javafmlmod.AutomaticEventSubscriber/LOADING]: Auto-subscribing net.mcreator.borninchaosv.procedures.DarkWardActivProcedure to FORGE
[24Jan2026 17:18:44.128] [modloading-worker-0/DEBUG] [net.minecraftforge.fml.javafmlmod.AutomaticEventSubscriber/LOADING]: Auto-subscribing net.mcreator.borninchaosv.procedures.DarkRitualDaggerPProcedure to FORGE
[24Jan2026 17:18:44.134] [modloading-worker-0/DEBUG] [net.minecraftforge.fml.javafmlmod.AutomaticEventSubscriber/LOADING]: Auto-subscribing net.mcreator.borninchaosv.procedures.DZombieDProcedure to FORGE
[24Jan2026 17:18:44.135] [modloading-worker-0/DEBUG] [net.minecraftforge.fml.javafmlmod.AutomaticEventSubscriber/LOADING]: Auto-subscribing net.mcreator.borninchaosv.procedures.CursedMarkAtacProcedure to FORGE
[24Jan2026 17:18:44.141] [modloading-worker-0/DEBUG] [net.minecraftforge.fml.javafmlmod.AutomaticEventSubscriber/LOADING]: Auto-subscribing net.mcreator.borninchaosv.procedures.CorpseflyatacProcedure to FORGE
[24Jan2026 17:18:44.144] [modloading-worker-0/DEBUG] [net.minecraftforge.fml.javafmlmod.AutomaticEventSubscriber/LOADING]: Auto-subscribing net.mcreator.borninchaosv.procedures.BoneBarrierProProcedure to FORGE
[24Jan2026 17:18:44.147] [modloading-worker-0/DEBUG] [net.minecraftforge.fml.javafmlmod.AutomaticEventSubscriber/LOADING]: Auto-subscribing net.mcreator.borninchaosv.procedures.BloodyGadflyAtacProcedure to FORGE
[24Jan2026 17:18:44.148] [modloading-worker-0/DEBUG] [net.minecraftforge.fml.javafmlmod.AutomaticEventSubscriber/LOADING]: Auto-subscribing net.mcreator.borninchaosv.procedures.BlockSkeletonTrasherProcedure to FORGE
[24Jan2026 17:18:44.148] [modloading-worker-0/DEBUG] [Cristel Lib/]: Couldn't parse: "T&T Waystone Patch Pack" to a component
com.mojang.brigadier.exceptions.CommandSyntaxException: Invalid chat component: Use JsonReader.setLenient(true) to accept malformed JSON at line 1 column 1 path $ at position 0: <--[HERE]
[24Jan2026 17:18:44.150] [modloading-worker-0/DEBUG] [net.minecraftforge.fml.javafmlmod.AutomaticEventSubscriber/LOADING]: Auto-subscribing net.mcreator.borninchaosv.procedures.BabyspidercontrolledAtackProcedure to FORGE
[24Jan2026 17:18:44.151] [modloading-worker-0/DEBUG] [net.minecraftforge.fml.javafmlmod.AutomaticEventSubscriber/LOADING]: Auto-subscribing net.mcreator.borninchaosv.procedures.BabySpiderAtackProcedure to FORGE
[24Jan2026 17:18:44.153] [modloading-worker-0/DEBUG] [net.minecraftforge.fml.javafmlmod.AutomaticEventSubscriber/LOADING]: Auto-subscribing net.mcreator.borninchaosv.procedures.AxeAtackProcedure to FORGE
[24Jan2026 17:18:44.156] [modloading-worker-0/DEBUG] [net.minecraftforge.fml.javafmlmod.AutomaticEventSubscriber/LOADING]: Auto-subscribing net.mcreator.borninchaosv.procedures.AttackoftheDisobedientProcedure to FORGE
[24Jan2026 17:18:44.157] [modloading-worker-0/DEBUG] [net.minecraftforge.fml.javafmlmod.AutomaticEventSubscriber/LOADING]: Auto-subscribing net.mcreator.borninchaosv.network.BornInChaosV1ModVariables to MOD
[24Jan2026 17:18:44.162] [modloading-worker-0/DEBUG] [net.minecraftforge.fml.javafmlmod.AutomaticEventSubscriber/LOADING]: Auto-subscribing net.mcreator.borninchaosv.network.BornInChaosV1ModVariables$PlayerVariablesProvider to FORGE
[24Jan2026 17:18:44.167] [modloading-worker-0/DEBUG] [net.minecraftforge.fml.javafmlmod.AutomaticEventSubscriber/LOADING]: Auto-subscribing net.mcreator.borninchaosv.network.BornInChaosV1ModVariables$EventBusVariableHandlers to FORGE
[24Jan2026 17:18:44.173] [modloading-worker-0/DEBUG] [net.minecraftforge.fml.javafmlmod.AutomaticEventSubscriber/LOADING]: Auto-subscribing net.mcreator.borninchaosv.init.ItemAnimationFactory to FORGE
[24Jan2026 17:18:44.174] [modloading-worker-0/DEBUG] [net.minecraftforge.fml.javafmlmod.AutomaticEventSubscriber/LOADING]: Auto-subscribing net.mcreator.borninchaosv.init.EntityAnimationFactory to FORGE
[24Jan2026 17:18:44.184] [modloading-worker-0/DEBUG] [net.minecraftforge.fml.javafmlmod.AutomaticEventSubscriber/LOADING]: Auto-subscribing net.mcreator.borninchaosv.init.BornInChaosV1ModGameRules to MOD
[24Jan2026 17:18:44.237] [modloading-worker-0/DEBUG] [net.minecraftforge.fml.javafmlmod.AutomaticEventSubscriber/LOADING]: Auto-subscribing net.mcreator.borninchaosv.init.BornInChaosV1ModFuels to FORGE
[24Jan2026 17:18:44.238] [modloading-worker-0/DEBUG] [net.minecraftforge.fml.javafmlmod.AutomaticEventSubscriber/LOADING]: Auto-subscribing net.mcreator.borninchaosv.init.BornInChaosV1ModFeatures to FORGE
[24Jan2026 17:18:44.239] [modloading-worker-0/DEBUG] [net.minecraftforge.fml.javafmlmod.AutomaticEventSubscriber/LOADING]: Auto-subscribing net.mcreator.borninchaosv.init.BornInChaosV1ModEntities to MOD
[24Jan2026 17:18:44.239] [modloading-worker-0/DEBUG] [net.minecraftforge.fml.javafmlmod.AutomaticEventSubscriber/LOADING]: Auto-subscribing net.mcreator.borninchaosv.init.BornInChaosV1ModCompostableItems to MOD
[24Jan2026 17:18:44.281] [modloading-worker-0/DEBUG] [net.minecraftforge.fml.javafmlmod.AutomaticEventSubscriber/LOADING]: Attempting to inject @EventBusSubscriber classes into the eventbus for cristellib
[24Jan2026 17:18:44.366] [main/DEBUG] [net.minecraftforge.common.capabilities.CapabilityManager/CAPABILITIES]: Attempting to automatically register: Lnet/minecraftforge/energy/IEnergyStorage;
[24Jan2026 17:18:44.366] [main/DEBUG] [net.minecraftforge.common.capabilities.CapabilityManager/CAPABILITIES]: Attempting to automatically register: Lnet/minecraftforge/fluids/capability/IFluidHandler;
[24Jan2026 17:18:44.366] [main/DEBUG] [net.minecraftforge.common.capabilities.CapabilityManager/CAPABILITIES]: Attempting to automatically register: Lnet/minecraftforge/fluids/capability/IFluidHandlerItem;
[24Jan2026 17:18:44.366] [main/DEBUG] [net.minecraftforge.common.capabilities.CapabilityManager/CAPABILITIES]: Attempting to automatically register: Lnet/minecraftforge/items/IItemHandler;
[24Jan2026 17:18:45.132] [main/WARN] [net.minecraft.network.syncher.SynchedEntityData/]: defineId called for: class net.mcreator.borninchaosv.entity.BabySpiderEntity from class net.mcreator.borninchaosv.entity.MotherSpiderEntity
[24Jan2026 17:18:45.165] [main/DEBUG] [net.minecraftforge.fml.config.ConfigTracker/CONFIG]: Loading configs type COMMON
[24Jan2026 17:18:45.169] [main/DEBUG] [fuzs.puzzleslib.impl.config.core.ForgeConfigFileTypeHandler/CONFIG]: Built TOML config for /workspaces/server1/servidor_minecraft/config/mutantmonsters-common.toml
[24Jan2026 17:18:45.170] [main/DEBUG] [fuzs.puzzleslib.impl.config.core.ForgeConfigFileTypeHandler/CONFIG]: Loaded TOML config file /workspaces/server1/servidor_minecraft/config/mutantmonsters-common.toml
[24Jan2026 17:18:45.180] [main/DEBUG] [fuzs.puzzleslib.impl.config.core.ForgeConfigFileTypeHandler/CONFIG]: Watching TOML config file /workspaces/server1/servidor_minecraft/config/mutantmonsters-common.toml for changes
[24Jan2026 17:18:45.185] [main/INFO] [Puzzles Lib/]: Loading common config for mutantmonsters
[24Jan2026 17:18:45.187] [Thread-1/DEBUG] [fuzs.puzzleslib.impl.config.core.ForgeConfigFileTypeHandler/CONFIG]: Config file mutantmonsters-common.toml changed, sending notifies
[24Jan2026 17:18:45.187] [Thread-1/INFO] [Puzzles Lib/]: Reloading common config for mutantmonsters
[24Jan2026 17:18:45.189] [Thread-1/DEBUG] [fuzs.puzzleslib.impl.config.core.ForgeConfigFileTypeHandler/CONFIG]: Config file mutantmonsters-common.toml changed, sending notifies
[24Jan2026 17:18:45.189] [Thread-1/INFO] [Puzzles Lib/]: Reloading common config for mutantmonsters
[24Jan2026 17:18:45.190] [main/DEBUG] [net.minecraftforge.fml.config.ConfigFileTypeHandler/CONFIG]: Built TOML config for /workspaces/server1/servidor_minecraft/config/trashslot-common.toml
[24Jan2026 17:18:45.191] [main/DEBUG] [net.minecraftforge.fml.config.ConfigFileTypeHandler/CONFIG]: Loaded TOML config file /workspaces/server1/servidor_minecraft/config/trashslot-common.toml
[24Jan2026 17:18:45.192] [main/DEBUG] [net.minecraftforge.fml.config.ConfigFileTypeHandler/CONFIG]: Watching TOML config file /workspaces/server1/servidor_minecraft/config/trashslot-common.toml for changes
[24Jan2026 17:18:45.195] [Thread-1/DEBUG] [net.minecraftforge.fml.config.ConfigFileTypeHandler/CONFIG]: Config file trashslot-common.toml changed, sending notifies
[24Jan2026 17:18:45.197] [main/DEBUG] [net.minecraftforge.fml.config.ConfigFileTypeHandler/CONFIG]: Built TOML config for /workspaces/server1/servidor_minecraft/config/sophisticatedcore-common.toml
[24Jan2026 17:18:45.198] [main/DEBUG] [net.minecraftforge.fml.config.ConfigFileTypeHandler/CONFIG]: Loaded TOML config file /workspaces/server1/servidor_minecraft/config/sophisticatedcore-common.toml
[24Jan2026 17:18:45.199] [main/DEBUG] [net.minecraftforge.fml.config.ConfigFileTypeHandler/CONFIG]: Watching TOML config file /workspaces/server1/servidor_minecraft/config/sophisticatedcore-common.toml for changes
[24Jan2026 17:18:45.202] [Thread-1/DEBUG] [net.minecraftforge.fml.config.ConfigFileTypeHandler/CONFIG]: Config file trashslot-common.toml changed, sending notifies
[24Jan2026 17:18:45.203] [main/DEBUG] [net.minecraftforge.fml.config.ConfigFileTypeHandler/CONFIG]: Built TOML config for /workspaces/server1/servidor_minecraft/config/sophisticatedbackpacks-common.toml
[24Jan2026 17:18:45.204] [main/DEBUG] [net.minecraftforge.fml.config.ConfigFileTypeHandler/CONFIG]: Loaded TOML config file /workspaces/server1/servidor_minecraft/config/sophisticatedbackpacks-common.toml
[24Jan2026 17:18:45.204] [main/DEBUG] [net.minecraftforge.fml.config.ConfigFileTypeHandler/CONFIG]: Watching TOML config file /workspaces/server1/servidor_minecraft/config/sophisticatedbackpacks-common.toml for changes
[24Jan2026 17:18:45.205] [Thread-1/DEBUG] [net.minecraftforge.fml.config.ConfigFileTypeHandler/CONFIG]: Config file sophisticatedbackpacks-common.toml changed, sending notifies
[24Jan2026 17:18:45.205] [Thread-1/DEBUG] [net.minecraftforge.fml.config.ConfigFileTypeHandler/CONFIG]: Config file sophisticatedbackpacks-common.toml changed, sending notifies
[24Jan2026 17:18:45.206] [main/DEBUG] [net.minecraftforge.fml.config.ConfigFileTypeHandler/CONFIG]: Built TOML config for /workspaces/server1/servidor_minecraft/config/takesapillage-common.toml
[24Jan2026 17:18:45.206] [main/DEBUG] [net.minecraftforge.fml.config.ConfigFileTypeHandler/CONFIG]: Loaded TOML config file /workspaces/server1/servidor_minecraft/config/takesapillage-common.toml
[24Jan2026 17:18:45.207] [main/DEBUG] [net.minecraftforge.fml.config.ConfigFileTypeHandler/CONFIG]: Watching TOML config file /workspaces/server1/servidor_minecraft/config/takesapillage-common.toml for changes
[24Jan2026 17:18:45.207] [Thread-1/DEBUG] [net.minecraftforge.fml.config.ConfigFileTypeHandler/CONFIG]: Config file takesapillage-common.toml changed, sending notifies
[24Jan2026 17:18:45.208] [Thread-1/DEBUG] [net.minecraftforge.fml.config.ConfigFileTypeHandler/CONFIG]: Config file takesapillage-common.toml changed, sending notifies
[24Jan2026 17:18:45.278] [modloading-worker-0/INFO] [Dungeon Crawl/]: Common Setup
[24Jan2026 17:18:45.396] [main/DEBUG] [net.minecraftforge.fml.DeferredWorkQueue/LOADING]: Dispatching synchronous work for work queue COMMON_SETUP: 20 jobs
[24Jan2026 17:18:45.462] [main/DEBUG] [net.minecraftforge.fml.DeferredWorkQueue/LOADING]: Synchronous work queue completed in 64.09 ms
[24Jan2026 17:18:45.463] [modloading-worker-0/INFO] [xaero.minimap.XaeroMinimap/]: Loading Xaero's Minimap - Stage 1/2 (Server)
[24Jan2026 17:18:45.465] [modloading-worker-0/INFO] [xaero.map.server.WorldMapServer/]: Loading Xaero's World Map - Stage 1/2 (Server)
[24Jan2026 17:18:45.470] [main/DEBUG] [net.minecraftforge.fml.DeferredWorkQueue/LOADING]: Dispatching synchronous work for work queue SIDED_SETUP: 2 jobs
[24Jan2026 17:18:45.471] [main/INFO] [xaero.minimap.XaeroMinimap/]: Loading Xaero's Minimap - Stage 2/2 (Server)
[24Jan2026 17:18:45.471] [main/INFO] [xaero.map.server.WorldMapServer/]: Loading Xaero's World Map - Stage 2/2 (Server)
[24Jan2026 17:18:45.471] [main/DEBUG] [net.minecraftforge.fml.DeferredWorkQueue/LOADING]: Synchronous work queue completed in 324.4 μs
[24Jan2026 17:18:45.914] [Forge Version Check/INFO] [net.minecraftforge.fml.VersionChecker/]: [mutantmonsters] Starting version check at https://raw.githubusercontent.com/Fuzss/modresources/main/update/mutantmonsters.json
[24Jan2026 17:18:46.576] [Forge Version Check/DEBUG] [net.minecraftforge.fml.VersionChecker/]: [mutantmonsters] Received version check data:
{
    "homepage": "https://github.com/Fuzss/mutantmonsters",
    "promos": {
        "1.19.2-latest": "4.0.6",
        "1.19.2-recommended": "4.0.6",
        "1.19.3-latest": "5.0.1",
        "1.19.3-recommended": "5.0.1",
        "1.19.4-latest": "6.0.2",
        "1.19.4-recommended": "6.0.2",
        "1.18.2-latest": "3.0.1",
        "1.18.2-recommended": "3.0.1",
        "1.20-latest": "7.0.0",
        "1.20-recommended": "7.0.0",
        "1.20.1-latest": "8.0.8",
        "1.20.1-recommended": "8.0.8",
        "1.20.4-latest": "20.4.1",
        "1.20.4-recommended": "20.4.1",
        "1.21.1-latest": "21.1.1",
        "1.21.1-recommended": "21.1.1",
        "1.21.3-latest": "21.3.1",
        "1.21.3-recommended": "21.3.1",
        "1.21.4-latest": "21.4.2",
        "1.21.4-recommended": "21.4.2",
        "1.21.5-latest": "21.5.1",
        "1.21.5-recommended": "21.5.1",
        "1.21.7-latest": "21.7.0",
        "1.21.7-recommended": "21.7.0",
        "1.21.8-latest": "21.8.0",
        "1.21.8-recommended": "21.8.0",
        "1.21.10-latest": "21.10.5",
        "1.21.10-recommended": "21.10.5",
        "1.21.9-latest": "21.9.0",
        "1.21.9-recommended": "21.9.0"
    }
}
[24Jan2026 17:18:46.577] [Forge Version Check/INFO] [net.minecraftforge.fml.VersionChecker/]: [mutantmonsters] Found status: UP_TO_DATE Current: 8.0.8 Target: null
[24Jan2026 17:18:46.580] [Forge Version Check/INFO] [net.minecraftforge.fml.VersionChecker/]: [mr_dungeons_andtaverns] Starting version check at https://api.modrinth.com/updates/tpehi7ww/forge_updates.json
[24Jan2026 17:18:46.812] [Forge Version Check/DEBUG] [net.minecraftforge.fml.VersionChecker/]: [mr_dungeons_andtaverns] Received version check data:
{"homepage":"https://modrinth.com/mod/tpehi7ww","promos":{"1.19-recommended":"2.0.2+mod","1.19.1-recommended":"2.0.2+mod","1.21.9-latest":"v5.0.4+mod","1.21.11-recommended":"v5.1.0+mod","1.21.1-latest":"v4.4.4+mod","1.21.4-recommended":"v4.6.3+mod","1.21.3-recommended":"v4.5+mod","1.21.10-latest":"v5.0.4+mod","1.21.1-recommended":"v4.4.4+mod","1.19.1-latest":"2.0.2+mod","1.20.1-recommended":"3.0.3.f+mod","1.20.2-latest":"3.0.3.f+mod","1.20.3-recommended":"3.1.1+mod","1.21.4-latest":"v4.6.3+mod","1.21-latest":"v4.4.4+mod","1.20.5-recommended":"3.2+mod","1.19.2-recommended":"2.0.2+mod","1.21.2-latest":"v4.5+mod","1.20-recommended":"3.0.3.f+mod","1.21.7-recommended":"v4.7.3+mod","1.20.3-latest":"3.1.1+mod","1.20.4-latest":"3.1.1+mod","1.21.10-rc1-recommended":"v5.0.0+mod","1.19.4-recommended":"2.0.2+mod","1.19.4-latest":"2.0.2+mod","1.21.3-latest":"v4.5+mod","1.21.11-latest":"v5.1.0+mod","1.21.9-recommended":"v5.0.4+mod","1.19-latest":"2.0.2+mod","1.20.5-latest":"3.2+mod","1.20.6-recommended":"3.2+mod","1.21.8-latest":"v4.7.3+mod","1.21-recommended":"v4.4.4+mod","1.21.10-recommended":"v5.0.4+mod","1.21.5-recommended":"v4.7.3+mod","1.20.2-recommended":"3.0.3.f+mod","1.20-latest":"3.0.3.f+mod","1.19.3-latest":"2.0.2+mod","1.19.3-recommended":"2.0.2+mod","1.19.2-latest":"2.0.2+mod","1.20.4-recommended":"3.1.1+mod","1.21.10-rc1-latest":"v5.0.0+mod","1.21.6-recommended":"v4.7.3+mod","1.21.8-recommended":"v4.7.3+mod","1.21.6-latest":"v4.7.3+mod","1.21.2-recommended":"v4.5+mod","1.21.7-latest":"v4.7.3+mod","1.21.5-latest":"v4.7.3+mod","1.20.6-latest":"3.2+mod","1.20.1-latest":"3.0.3.f+mod"}}
[24Jan2026 17:18:46.812] [Forge Version Check/INFO] [net.minecraftforge.fml.VersionChecker/]: [mr_dungeons_andtaverns] Found status: OUTDATED Current: 3.0.3.f Target: 3.0.3.f+mod
[24Jan2026 17:18:46.814] [Forge Version Check/INFO] [net.minecraftforge.fml.VersionChecker/]: [puzzleslib] Starting version check at https://raw.githubusercontent.com/Fuzss/modresources/main/update/puzzleslib.json
[24Jan2026 17:18:46.824] [Forge Version Check/DEBUG] [net.minecraftforge.fml.VersionChecker/]: [puzzleslib] Received version check data:
{
    "homepage": "https://modrinth.com/mod/puzzles-lib",
    "promos": {
        "1.16.2-latest": "1.0.15",
        "1.16.2-recommended": "1.0.15",
        "1.16.3-latest": "1.0.15",
        "1.16.3-recommended": "1.0.15",
        "1.16.4-latest": "1.0.15",
        "1.16.4-recommended": "1.0.15",
        "1.16.5-latest": "1.0.15",
        "1.16.5-recommended": "1.0.15",
        "1.17.1-latest": "2.0.2",
        "1.17.1-recommended": "2.0.2",
        "1.18-latest": "3.2.1",
        "1.18-recommended": "3.2.1",
        "1.18.1-latest": "3.2.1",
        "1.18.1-recommended": "3.2.1",
        "1.18.2-latest": "3.5.10",
        "1.18.2-recommended": "3.5.10",
        "1.19-latest": "4.0.18",
        "1.19-recommended": "4.0.18",
        "1.19.1-latest": "4.2.4",
        "1.19.1-recommended": "4.2.4",
        "1.19.2-latest": "4.4.3",
        "1.19.2-recommended": "4.4.3",
        "1.19.3-latest": "5.0.33",
        "1.19.3-recommended": "5.0.33",
        "1.19.4-latest": "6.0.11",
        "1.19.4-recommended": "6.0.11",
        "1.20-latest": "7.0.9",
        "1.20-recommended": "7.0.9",
        "1.20.1-latest": "8.1.33",
        "1.20.1-recommended": "8.1.33",
        "1.20.4-latest": "20.4.53",
        "1.20.4-recommended": "20.4.53",
        "1.21-latest": "21.0.28",
        "1.21-recommended": "21.0.28",
        "1.21.1-latest": "21.1.39",
        "1.21.1-recommended": "21.1.39",
        "1.21.10-latest": "21.10.8",
        "1.21.10-recommended": "21.10.8",
        "1.21.11-latest": "21.11.1",
        "1.21.11-recommended": "21.11.1",
        "1.21.3-latest": "21.3.25",
        "1.21.3-recommended": "21.3.25",
        "1.21.4-latest": "21.4.14",
        "1.21.4-recommended": "21.4.14",
        "1.21.5-latest": "21.5.13",
        "1.21.5-recommended": "21.5.13",
        "1.21.6-latest": "21.6.6",
        "1.21.6-recommended": "21.6.6",
        "1.21.7-latest": "21.7.1",
        "1.21.7-recommended": "21.7.1",
        "1.21.8-latest": "21.8.9",
        "1.21.8-recommended": "21.8.9",
        "1.21.9-latest": "21.9.5",
        "1.21.9-recommended": "21.9.5"
    }
}
[24Jan2026 17:18:46.825] [Forge Version Check/INFO] [net.minecraftforge.fml.VersionChecker/]: [puzzleslib] Found status: UP_TO_DATE Current: 8.1.33 Target: null
[24Jan2026 17:18:46.825] [Forge Version Check/INFO] [net.minecraftforge.fml.VersionChecker/]: [puzzlesaccessapi] Starting version check at https://raw.githubusercontent.com/Fuzss/modresources/main/update/puzzlesaccessapi.json
[24Jan2026 17:18:46.846] [Forge Version Check/DEBUG] [net.minecraftforge.fml.VersionChecker/]: [puzzlesaccessapi] Received version check data:
{
    "homepage": "https://github.com/Fuzss/puzzlesaccessapi",
    "promos": {}
}
[24Jan2026 17:18:46.847] [Forge Version Check/INFO] [net.minecraftforge.fml.VersionChecker/]: [puzzlesaccessapi] Found status: BETA Current: 20.1.1 Target: null
[24Jan2026 17:18:46.847] [Forge Version Check/INFO] [net.minecraftforge.fml.VersionChecker/]: [forge] Starting version check at https://files.minecraftforge.net/net/minecraftforge/forge/promotions_slim.json
[24Jan2026 17:18:47.004] [Forge Version Check/DEBUG] [net.minecraftforge.fml.VersionChecker/]: [forge] Received version check data:
{
  "homepage": "https://files.minecraftforge.net/net/minecraftforge/forge/",
  "promos": {
    "1.1-latest": "1.3.4.29",
    "1.2.3-latest": "1.4.1.64",
    "1.2.4-latest": "2.0.0.68",
    "1.2.5-latest": "3.4.9.171",
    "1.3.2-latest": "4.3.5.318",
    "1.4.0-latest": "5.0.0.326",
    "1.4.1-latest": "6.0.0.329",
    "1.4.2-latest": "6.0.1.355",
    "1.4.3-latest": "6.2.1.358",
    "1.4.4-latest": "6.3.0.378",
    "1.4.5-latest": "6.4.2.448",
    "1.4.6-latest": "6.5.0.489",
    "1.4.7-latest": "6.6.2.534",
    "1.5-latest": "7.7.0.598",
    "1.5.1-latest": "7.7.2.682",
    "1.5.2-latest": "7.8.1.738",
    "1.5.2-recommended": "7.8.1.738",
    "1.6.1-latest": "8.9.0.775",
    "1.6.2-latest": "9.10.1.871",
    "1.6.2-recommended": "9.10.1.871",
    "1.6.3-latest": "9.11.0.878",
    "1.6.4-latest": "9.11.1.1345",
    "1.6.4-recommended": "9.11.1.1345",
    "1.7.2-latest": "10.12.2.1161",
    "1.7.2-recommended": "10.12.2.1161",
    "1.7.10-latest": "10.13.4.1614",
    "1.7.10-recommended": "10.13.4.1614",
    "1.8-latest": "11.14.4.1577",
    "1.8-recommended": "11.14.4.1563",
    "1.8.8-latest": "11.15.0.1655",
    "1.8.9-latest": "11.15.1.2318",
    "1.8.9-recommended": "11.15.1.2318",
    "1.9-latest": "12.16.1.1938",
    "1.9-recommended": "12.16.1.1887",
    "1.9.4-latest": "12.17.0.2317",
    "1.9.4-recommended": "12.17.0.2317",
    "1.10-latest": "12.18.0.2000",
    "1.10.2-latest": "12.18.3.2511",
    "1.10.2-recommended": "12.18.3.2511",
    "1.11-latest": "13.19.1.2199",
    "1.11-recommended": "13.19.1.2189",
    "1.11.2-latest": "13.20.1.2588",
    "1.11.2-recommended": "13.20.1.2588",
    "1.12-latest": "14.21.1.2443",
    "1.12-recommended": "14.21.1.2387",
    "1.12.1-latest": "14.22.1.2485",
    "1.12.1-recommended": "14.22.1.2478",
    "1.12.2-latest": "14.23.5.2864",
    "1.12.2-recommended": "14.23.5.2859",
    "1.13.2-latest": "25.0.223",
    "1.14.2-latest": "26.0.63",
    "1.14.3-latest": "27.0.60",
    "1.14.4-latest": "28.2.28",
    "1.14.4-recommended": "28.2.26",
    "1.15-latest": "29.0.4",
    "1.15.1-latest": "30.0.51",
    "1.15.2-latest": "31.2.60",
    "1.15.2-recommended": "31.2.57",
    "1.16.1-latest": "32.0.108",
    "1.16.2-latest": "33.0.61",
    "1.16.3-latest": "34.1.42",
    "1.16.3-recommended": "34.1.0",
    "1.16.4-latest": "35.1.37",
    "1.16.4-recommended": "35.1.4",
    "1.16.5-latest": "36.2.42",
    "1.16.5-recommended": "36.2.34",
    "1.17.1-latest": "37.1.1",
    "1.17.1-recommended": "37.1.1",
    "1.18-latest": "38.0.17",
    "1.18.1-latest": "39.1.2",
    "1.18.1-recommended": "39.1.0",
    "1.18.2-recommended": "40.3.0",
    "1.18.2-latest": "40.3.12",
    "1.19-latest": "41.1.0",
    "1.19-recommended": "41.1.0",
    "1.19.1-latest": "42.0.9",
    "1.19.2-recommended": "43.5.0",
    "1.19.2-latest": "43.5.2",
    "1.19.3-latest": "44.1.23",
    "1.19.3-recommended": "44.1.0",
    "1.19.4-recommended": "45.4.0",
    "1.19.4-latest": "45.4.3",
    "1.20-latest": "46.0.14",
    "1.20.1-recommended": "47.4.10",
    "1.20.1-latest": "47.4.16",
    "1.20.2-latest": "48.1.0",
    "1.20.2-recommended": "48.1.0",
    "1.20.3-latest": "49.0.2",
    "1.20.4-latest": "49.2.4",
    "1.20.4-recommended": "49.2.0",
    "1.20.6-latest": "50.2.4",
    "1.20.6-recommended": "50.2.0",
    "1.21-latest": "51.0.33",
    "1.21.1-latest": "52.1.10",
    "1.21.1-recommended": "52.1.0",
    "1.21.3-latest": "53.1.7",
    "1.21.3-recommended": "53.1.0",
    "1.21.4-latest": "54.1.13",
    "1.21.4-recommended": "54.1.0",
    "1.21.5-latest": "55.1.7",
    "1.21.5-recommended": "55.1.0",
    "1.21.6-latest": "56.0.9",
    "1.21.7-latest": "57.0.3",
    "1.21.8-latest": "58.1.14",
    "1.21.8-recommended": "58.1.0",
    "1.21.9-latest": "59.0.5",
    "1.21.10-latest": "60.1.8",
    "1.21.10-recommended": "60.1.0",
    "1.21.11-latest": "61.0.8"
  }
}
[24Jan2026 17:18:47.005] [Forge Version Check/INFO] [net.minecraftforge.fml.VersionChecker/]: [forge] Found status: OUTDATED Current: 47.3.7 Target: 47.4.10
[24Jan2026 17:18:47.005] [Forge Version Check/INFO] [net.minecraftforge.fml.VersionChecker/]: [enchantinginfuser] Starting version check at https://raw.githubusercontent.com/Fuzss/modresources/main/update/enchantinginfuser.json
[24Jan2026 17:18:47.023] [Forge Version Check/DEBUG] [net.minecraftforge.fml.VersionChecker/]: [enchantinginfuser] Received version check data:
{
    "homepage": "https://modrinth.com/mod/enchanting-infuser",
    "promos": {
        "1.16.2-latest": "1.0.2",
        "1.16.2-recommended": "1.0.2",
        "1.16.3-latest": "1.0.2",
        "1.16.3-recommended": "1.0.2",
        "1.16.4-latest": "1.0.2",
        "1.16.4-recommended": "1.0.2",
        "1.16.5-latest": "1.0.2",
        "1.16.5-recommended": "1.0.2",
        "1.17.1-latest": "2.0.0",
        "1.17.1-recommended": "2.0.0",
        "1.18-latest": "3.1.1",
        "1.18-recommended": "3.1.1",
        "1.18.1-latest": "3.1.1",
        "1.18.1-recommended": "3.1.1",
        "1.18.2-latest": "3.3.2",
        "1.18.2-recommended": "3.3.2",
        "1.19-latest": "4.0.3",
        "1.19-recommended": "4.0.3",
        "1.19.1-latest": "4.2.2",
        "1.19.1-recommended": "4.2.2",
        "1.19.2-latest": "4.2.2",
        "1.19.2-recommended": "4.2.2",
        "1.19.3-latest": "5.0.0",
        "1.19.3-recommended": "5.0.0",
        "1.19.4-latest": "6.0.0",
        "1.19.4-recommended": "6.0.0",
        "1.20-latest": "7.0.0",
        "1.20-recommended": "7.0.0",
        "1.20.1-latest": "8.0.3",
        "1.20.1-recommended": "8.0.3",
        "1.20.4-latest": "20.4.1",
        "1.20.4-recommended": "20.4.1",
        "1.21.1-latest": "21.1.3",
        "1.21.1-recommended": "21.1.3",
        "1.21.10-latest": "21.10.0",
        "1.21.10-recommended": "21.10.0",
        "1.21.11-latest": "21.11.0",
        "1.21.11-recommended": "21.11.0",
        "1.21.3-latest": "21.3.0",
        "1.21.3-recommended": "21.3.0",
        "1.21.4-latest": "21.4.0",
        "1.21.4-recommended": "21.4.0",
        "1.21.5-latest": "21.5.0",
        "1.21.5-recommended": "21.5.0",
        "1.21.6-latest": "21.6.0",
        "1.21.6-recommended": "21.6.0",
        "1.21.7-latest": "21.7.0",
        "1.21.7-recommended": "21.7.0",
        "1.21.8-latest": "21.8.2",
        "1.21.8-recommended": "21.8.2",
        "1.21.9-latest": "21.9.0",
        "1.21.9-recommended": "21.9.0"
    }
}
[24Jan2026 17:18:47.024] [Forge Version Check/INFO] [net.minecraftforge.fml.VersionChecker/]: [enchantinginfuser] Found status: UP_TO_DATE Current: 8.0.3 Target: null
[24Jan2026 17:18:49.489] [main/INFO] [com.mojang.authlib.yggdrasil.YggdrasilAuthenticationService/]: Environment: authHost='https://authserver.mojang.com', accountsHost='https://api.mojang.com', sessionHost='https://sessionserver.mojang.com', servicesHost='https://api.minecraftservices.com', name='PROD'
[24Jan2026 17:18:51.498] [main/WARN] [net.minecraft.server.packs.VanillaPackResourcesBuilder/]: Assets URL 'union:/workspaces/server1/servidor_minecraft/libraries/net/minecraft/server/1.20.1-20230612.114412/server-1.20.1-20230612.114412-srg.jar%23147!/assets/.mcassetsroot' uses unexpected schema
[24Jan2026 17:18:51.499] [main/WARN] [net.minecraft.server.packs.VanillaPackResourcesBuilder/]: Assets URL 'union:/workspaces/server1/servidor_minecraft/libraries/net/minecraft/server/1.20.1-20230612.114412/server-1.20.1-20230612.114412-srg.jar%23147!/data/.mcassetsroot' uses unexpected schema
[24Jan2026 17:18:51.554] [main/DEBUG] [net.minecraftforge.server.ServerLifecycleHooks/CORE]: Generating PackInfo named mod:kuma_api for mod file 
[24Jan2026 17:18:51.554] [main/DEBUG] [net.minecraftforge.server.ServerLifecycleHooks/CORE]: Generating PackInfo named mod:trashslot for mod file /workspaces/server1/servidor_minecraft/mods/trashslot-forge-1.20-15.1.2.jar
[24Jan2026 17:18:51.555] [main/DEBUG] [net.minecraftforge.server.ServerLifecycleHooks/CORE]: Generating PackInfo named mod:mutantmonsters for mod file /workspaces/server1/servidor_minecraft/mods/MutantMonsters-v8.0.8-1.20.1-Forge.jar
[24Jan2026 17:18:51.555] [main/DEBUG] [net.minecraftforge.server.ServerLifecycleHooks/CORE]: Generating PackInfo named mod:geckolib for mod file /workspaces/server1/servidor_minecraft/mods/geckolib-forge-1.20.1-4.8.2.jar
[24Jan2026 17:18:51.555] [main/DEBUG] [net.minecraftforge.server.ServerLifecycleHooks/CORE]: Generating PackInfo named mod:jei for mod file /workspaces/server1/servidor_minecraft/mods/jei-1.20.1-forge-15.20.0.127.jar
[24Jan2026 17:18:51.556] [main/DEBUG] [net.minecraftforge.server.ServerLifecycleHooks/CORE]: Generating PackInfo named mod:born_in_chaos_v1 for mod file /workspaces/server1/servidor_minecraft/mods/born_in_chaos_[Forge]1.20.1_1.7.3.jar
[24Jan2026 17:18:51.557] [main/DEBUG] [net.minecraftforge.server.ServerLifecycleHooks/CORE]: Generating PackInfo named mod:incendium for mod file /workspaces/server1/servidor_minecraft/mods/Incendium_1.20.x_v5.3.5.jar
[24Jan2026 17:18:51.557] [main/DEBUG] [net.minecraftforge.server.ServerLifecycleHooks/CORE]: Generating PackInfo named mod:sophisticatedcore for mod file /workspaces/server1/servidor_minecraft/mods/sophisticatedcore-1.20.1-1.2.107.1240.jar
[24Jan2026 17:18:51.558] [main/DEBUG] [net.minecraftforge.server.ServerLifecycleHooks/CORE]: Generating PackInfo named mod:xaerominimap for mod file /workspaces/server1/servidor_minecraft/mods/Xaeros_Minimap_25.2.10_Forge_1.20.jar
[24Jan2026 17:18:51.558] [main/DEBUG] [net.minecraftforge.server.ServerLifecycleHooks/CORE]: Generating PackInfo named mod:structory for mod file /workspaces/server1/servidor_minecraft/mods/Structory_1.20.x_v1.3.5.jar
[24Jan2026 17:18:51.560] [main/DEBUG] [net.minecraftforge.server.ServerLifecycleHooks/CORE]: Generating PackInfo named mod:xaeroworldmap for mod file /workspaces/server1/servidor_minecraft/mods/XaerosWorldMap_1.39.12_Forge_1.20.jar
[24Jan2026 17:18:51.560] [main/DEBUG] [net.minecraftforge.server.ServerLifecycleHooks/CORE]: Generating PackInfo named mod:everythingcopper for mod file /workspaces/server1/servidor_minecraft/mods/everythingcopper-1.20.1-2.3.4.jar
[24Jan2026 17:18:51.562] [main/DEBUG] [net.minecraftforge.server.ServerLifecycleHooks/CORE]: Generating PackInfo named mod:mr_dungeons_andtaverns for mod file /workspaces/server1/servidor_minecraft/mods/dungeons-and-taverns-3.0.3.f[Forge].jar
[24Jan2026 17:18:51.562] [main/DEBUG] [net.minecraftforge.server.ServerLifecycleHooks/CORE]: Generating PackInfo named mod:mixinextras for mod file 
[24Jan2026 17:18:51.564] [main/DEBUG] [net.minecraftforge.server.ServerLifecycleHooks/CORE]: Generating PackInfo named mod:dungeoncrawl for mod file /workspaces/server1/servidor_minecraft/mods/Dungeon Crawl-1.20.1-2.3.15.jar
[24Jan2026 17:18:51.564] [main/DEBUG] [net.minecraftforge.server.ServerLifecycleHooks/CORE]: Generating PackInfo named mod:sophisticatedbackpacks for mod file /workspaces/server1/servidor_minecraft/mods/sophisticatedbackpacks-1.20.1-3.24.12.1411.jar
[24Jan2026 17:18:51.564] [main/DEBUG] [net.minecraftforge.server.ServerLifecycleHooks/CORE]: Generating PackInfo named mod:takesapillage for mod file /workspaces/server1/servidor_minecraft/mods/takesapillage-1.0.3-1.20.1.jar
[24Jan2026 17:18:51.564] [main/DEBUG] [net.minecraftforge.server.ServerLifecycleHooks/CORE]: Generating PackInfo named mod:balm for mod file /workspaces/server1/servidor_minecraft/mods/balm-forge-1.20.1-7.3.37-all.jar
[24Jan2026 17:18:51.565] [main/DEBUG] [net.minecraftforge.server.ServerLifecycleHooks/CORE]: Generating PackInfo named mod:puzzleslib for mod file /workspaces/server1/servidor_minecraft/mods/PuzzlesLib-v8.1.33-1.20.1-Forge.jar
[24Jan2026 17:18:51.565] [main/DEBUG] [net.minecraftforge.server.ServerLifecycleHooks/CORE]: Generating PackInfo named mod:puzzlesaccessapi for mod file 
[24Jan2026 17:18:51.566] [main/DEBUG] [net.minecraftforge.server.ServerLifecycleHooks/CORE]: Generating PackInfo named mod:dungeons_arise_seven_seas for mod file /workspaces/server1/servidor_minecraft/mods/DungeonsAriseSevenSeas-1.20.x-1.0.2-forge.jar
[24Jan2026 17:18:51.566] [main/DEBUG] [net.minecraftforge.server.ServerLifecycleHooks/CORE]: Generating PackInfo named mod:forge for mod file /workspaces/server1/servidor_minecraft/libraries/net/minecraftforge/forge/1.20.1-47.3.7/forge-1.20.1-47.3.7-universal.jar
[24Jan2026 17:18:51.567] [main/DEBUG] [net.minecraftforge.server.ServerLifecycleHooks/CORE]: Generating PackInfo named mod:t_and_t for mod file /workspaces/server1/servidor_minecraft/mods/Towns-and-Towers-1.12-Fabric+Forge.jar
[24Jan2026 17:18:51.568] [main/DEBUG] [net.minecraftforge.server.ServerLifecycleHooks/CORE]: Generating PackInfo named mod:enchantinginfuser for mod file /workspaces/server1/servidor_minecraft/mods/EnchantingInfuser-v8.0.3-1.20.1-Forge.jar
[24Jan2026 17:18:51.568] [main/DEBUG] [net.minecraftforge.server.ServerLifecycleHooks/CORE]: Generating PackInfo named mod:dungeons_arise for mod file /workspaces/server1/servidor_minecraft/mods/DungeonsArise-1.20.x-2.1.58-release.jar
[24Jan2026 17:18:51.568] [main/DEBUG] [net.minecraftforge.server.ServerLifecycleHooks/CORE]: Generating PackInfo named mod:cristellib for mod file /workspaces/server1/servidor_minecraft/mods/cristellib-1.1.6-forge.jar
[24Jan2026 17:18:53.729] [main/DEBUG] [mixin/]: Mixing LootDataManagerForgeMixin from puzzleslib.forge.mixins.json into net.minecraft.world.level.storage.loot.LootDataManager
[24Jan2026 17:18:53.765] [main/DEBUG] [mixin/]: Mixing LootTableMixin from balm.mixins.json into net.minecraft.world.level.storage.loot.LootTable
[24Jan2026 17:18:53.769] [main/DEBUG] [mixin/]: Mixing accessor.LootTableForgeAccessor from puzzleslib.forge.mixins.json into net.minecraft.world.level.storage.loot.LootTable
[24Jan2026 17:18:53.990] [main/DEBUG] [net.minecraftforge.coremod.transformer.CoreModBaseTransformer/COREMOD]: Transforming net/minecraft/server/commands/SummonCommand
[24Jan2026 17:18:54.727] [Worker-Main-1/DEBUG] [net.minecraftforge.coremod.transformer.CoreModBaseTransformer/COREMOD]: Transforming net/minecraft/world/entity/raid/Raid
[24Jan2026 17:18:56.988] [main/INFO] [net.minecraft.world.item.crafting.RecipeManager/]: Loaded 7 recipes
[24Jan2026 17:18:57.250] [main/INFO] [net.minecraft.advancements.AdvancementList/]: Loaded 1562 advancements
[24Jan2026 17:18:57.255] [main/INFO] [Dungeon Crawl/]: Loading data...
[24Jan2026 17:18:57.272] [main/DEBUG] [Dungeon Crawl/]: Loading dungeoncrawl:models/catacombs/corridor/linker/linker.nbt
[24Jan2026 17:18:57.321] [main/DEBUG] [Dungeon Crawl/]: Loading dungeoncrawl:models/catacombs/corridor/linker/linker.json
[24Jan2026 17:18:57.335] [main/DEBUG] [Dungeon Crawl/]: Loading dungeoncrawl:models/catacombs/corridor/linker/linker_trap.nbt
[24Jan2026 17:18:57.336] [main/DEBUG] [Dungeon Crawl/]: Loading dungeoncrawl:models/catacombs/corridor/linker/linker_trap.json
[24Jan2026 17:18:57.352] [main/DEBUG] [Dungeon Crawl/]: Loading dungeoncrawl:models/catacombs/multipart/connector.nbt
[24Jan2026 17:18:57.355] [main/DEBUG] [Dungeon Crawl/]: Loading dungeoncrawl:models/catacombs/multipart/connector_2.nbt
[24Jan2026 17:18:57.355] [main/DEBUG] [Dungeon Crawl/]: Loading dungeoncrawl:models/catacombs/multipart/corridor/ceiling.nbt
[24Jan2026 17:18:57.356] [main/DEBUG] [Dungeon Crawl/]: Loading dungeoncrawl:models/catacombs/multipart/corridor/ceiling_glowstone.nbt
[24Jan2026 17:18:57.356] [main/DEBUG] [Dungeon Crawl/]: Loading dungeoncrawl:models/catacombs/multipart/corridor/ceiling_lamp.nbt
[24Jan2026 17:18:57.356] [main/DEBUG] [Dungeon Crawl/]: Loading dungeoncrawl:models/catacombs/multipart/crypt_graves.nbt
[24Jan2026 17:18:57.357] [main/DEBUG] [Dungeon Crawl/]: Loading dungeoncrawl:models/catacombs/multipart/crypt_graves.json
[24Jan2026 17:18:57.358] [main/DEBUG] [Dungeon Crawl/]: Loading dungeoncrawl:models/catacombs/multipart/hidden_piston.nbt
[24Jan2026 17:18:57.359] [main/DEBUG] [Dungeon Crawl/]: Loading dungeoncrawl:models/catacombs/multipart/large_connector.nbt
[24Jan2026 17:18:57.359] [main/DEBUG] [Dungeon Crawl/]: Loading dungeoncrawl:models/catacombs/multipart/large_spawner_cell_open.nbt
[24Jan2026 17:18:57.360] [main/DEBUG] [Dungeon Crawl/]: Loading dungeoncrawl:models/catacombs/multipart/node/ceiling/crumbled.nbt
[24Jan2026 17:18:57.360] [main/DEBUG] [Dungeon Crawl/]: Loading dungeoncrawl:models/catacombs/multipart/node/ceiling/dome.nbt
[24Jan2026 17:18:57.361] [main/DEBUG] [Dungeon Crawl/]: Loading dungeoncrawl:models/catacombs/multipart/node/ceiling/flat.nbt
[24Jan2026 17:18:57.361] [main/DEBUG] [Dungeon Crawl/]: Loading dungeoncrawl:models/catacombs/multipart/node/ceiling/light.nbt
[24Jan2026 17:18:57.362] [main/DEBUG] [Dungeon Crawl/]: Loading dungeoncrawl:models/catacombs/node/crypt_dead_end.nbt
[24Jan2026 17:18:57.364] [main/DEBUG] [Dungeon Crawl/]: Loading dungeoncrawl:models/catacombs/node/crypt_dead_end.json
[24Jan2026 17:18:57.366] [main/DEBUG] [Dungeon Crawl/]: Loading dungeoncrawl:models/catacombs/node/crypt_turn.nbt
[24Jan2026 17:18:57.368] [main/DEBUG] [Dungeon Crawl/]: Loading dungeoncrawl:models/catacombs/node/crypt_turn.json
[24Jan2026 17:18:57.370] [main/DEBUG] [Dungeon Crawl/]: Loading dungeoncrawl:models/catacombs/node/fountain.nbt
[24Jan2026 17:18:57.382] [main/DEBUG] [Dungeon Crawl/]: Loading dungeoncrawl:models/catacombs/node/fountain.json
[24Jan2026 17:18:57.382] [main/DEBUG] [Dungeon Crawl/]: Loading dungeoncrawl:models/catacombs/node/prison.nbt
[24Jan2026 17:18:57.388] [main/DEBUG] [Dungeon Crawl/]: Loading dungeoncrawl:models/catacombs/node/prison.json
[24Jan2026 17:18:57.389] [main/DEBUG] [Dungeon Crawl/]: Loading dungeoncrawl:models/catacombs/node/prison_fork.nbt
[24Jan2026 17:18:57.395] [main/DEBUG] [Dungeon Crawl/]: Loading dungeoncrawl:models/catacombs/node/prison_fork.json
[24Jan2026 17:18:57.395] [main/DEBUG] [Dungeon Crawl/]: Loading dungeoncrawl:models/catacombs/node/room.nbt
[24Jan2026 17:18:57.402] [main/DEBUG] [Dungeon Crawl/]: Loading dungeoncrawl:models/catacombs/node/room.json
[24Jan2026 17:18:57.403] [main/DEBUG] [Dungeon Crawl/]: Loading dungeoncrawl:models/catacombs/node/room_2.nbt
[24Jan2026 17:18:57.408] [main/DEBUG] [Dungeon Crawl/]: Loading dungeoncrawl:models/catacombs/node/room_2.json
[24Jan2026 17:18:57.409] [main/DEBUG] [Dungeon Crawl/]: Loading dungeoncrawl:models/catacombs/node/sarcophagus.nbt
[24Jan2026 17:18:57.413] [main/DEBUG] [Dungeon Crawl/]: Loading dungeoncrawl:models/catacombs/node/sarcophagus.json
[24Jan2026 17:18:57.414] [main/DEBUG] [Dungeon Crawl/]: Loading dungeoncrawl:models/catacombs/node/sewers.nbt
[24Jan2026 17:18:57.420] [main/DEBUG] [Dungeon Crawl/]: Loading dungeoncrawl:models/catacombs/node/sewers.json
[24Jan2026 17:18:57.420] [main/DEBUG] [Dungeon Crawl/]: Loading dungeoncrawl:models/catacombs/node/sewers_dead_end.nbt
[24Jan2026 17:18:57.427] [main/DEBUG] [Dungeon Crawl/]: Loading dungeoncrawl:models/catacombs/node/sewers_dead_end.json
[24Jan2026 17:18:57.427] [main/DEBUG] [Dungeon Crawl/]: Loading dungeoncrawl:models/catacombs/node/sewers_fork.nbt
[24Jan2026 17:18:57.433] [main/DEBUG] [Dungeon Crawl/]: Loading dungeoncrawl:models/catacombs/node/sewers_fork.json
[24Jan2026 17:18:57.433] [main/DEBUG] [Dungeon Crawl/]: Loading dungeoncrawl:models/catacombs/node/sewers_straight.nbt
[24Jan2026 17:18:57.440] [main/DEBUG] [Dungeon Crawl/]: Loading dungeoncrawl:models/catacombs/node/sewers_straight.json
[24Jan2026 17:18:57.441] [main/DEBUG] [Dungeon Crawl/]: Loading dungeoncrawl:models/catacombs/room/spawner_room.nbt
[24Jan2026 17:18:57.443] [main/DEBUG] [Dungeon Crawl/]: Loading dungeoncrawl:models/catacombs/room/spawner_room.json
[24Jan2026 17:18:57.443] [main/DEBUG] [Dungeon Crawl/]: Loading dungeoncrawl:models/default/corridor/corridor.nbt
[24Jan2026 17:18:57.444] [main/DEBUG] [Dungeon Crawl/]: Loading dungeoncrawl:models/default/corridor/corridor.json
[24Jan2026 17:18:57.445] [main/DEBUG] [Dungeon Crawl/]: Loading dungeoncrawl:models/default/corridor/corridor_2.nbt
[24Jan2026 17:18:57.447] [main/DEBUG] [Dungeon Crawl/]: Loading dungeoncrawl:models/default/corridor/corridor_2.json
[24Jan2026 17:18:57.447] [main/DEBUG] [Dungeon Crawl/]: Loading dungeoncrawl:models/default/corridor/corridor_3.nbt
[24Jan2026 17:18:57.448] [main/DEBUG] [Dungeon Crawl/]: Loading dungeoncrawl:models/default/corridor/corridor_3.json
[24Jan2026 17:18:57.451] [main/DEBUG] [Dungeon Crawl/]: Loading dungeoncrawl:models/default/corridor/corridor_fire.nbt
[24Jan2026 17:18:57.452] [main/DEBUG] [Dungeon Crawl/]: Loading dungeoncrawl:models/default/corridor/corridor_fire.json
[24Jan2026 17:18:57.452] [main/DEBUG] [Dungeon Crawl/]: Loading dungeoncrawl:models/default/corridor/corridor_light.nbt
[24Jan2026 17:18:57.453] [main/DEBUG] [Dungeon Crawl/]: Loading dungeoncrawl:models/default/corridor/corridor_light.json
[24Jan2026 17:18:57.455] [main/DEBUG] [Dungeon Crawl/]: Loading dungeoncrawl:models/default/corridor/corridor_room.nbt
[24Jan2026 17:18:57.456] [main/DEBUG] [Dungeon Crawl/]: Loading dungeoncrawl:models/default/corridor/corridor_room.json
[24Jan2026 17:18:57.456] [main/DEBUG] [Dungeon Crawl/]: Loading dungeoncrawl:models/default/corridor/corridor_spawner.nbt
[24Jan2026 17:18:57.458] [main/DEBUG] [Dungeon Crawl/]: Loading dungeoncrawl:models/default/corridor/corridor_spawner.json
[24Jan2026 17:18:57.458] [main/DEBUG] [Dungeon Crawl/]: Loading dungeoncrawl:models/default/corridor/linker/cake_room.nbt
[24Jan2026 17:18:57.460] [main/DEBUG] [Dungeon Crawl/]: Loading dungeoncrawl:models/default/corridor/linker/cake_room.json
[24Jan2026 17:18:57.460] [main/DEBUG] [Dungeon Crawl/]: Loading dungeoncrawl:models/default/corridor/linker/linker.nbt
[24Jan2026 17:18:57.461] [main/DEBUG] [Dungeon Crawl/]: Loading dungeoncrawl:models/default/corridor/linker/linker.json
[24Jan2026 17:18:57.462] [main/DEBUG] [Dungeon Crawl/]: Loading dungeoncrawl:models/default/corridor/linker/linker_2.nbt
[24Jan2026 17:18:57.463] [main/DEBUG] [Dungeon Crawl/]: Loading dungeoncrawl:models/default/corridor/linker/linker_2.json
[24Jan2026 17:18:57.463] [main/DEBUG] [Dungeon Crawl/]: Loading dungeoncrawl:models/default/corridor/linker/linker_3.nbt
[24Jan2026 17:18:57.464] [main/DEBUG] [Dungeon Crawl/]: Loading dungeoncrawl:models/default/corridor/linker/linker_3.json
[24Jan2026 17:18:57.465] [main/DEBUG] [Dungeon Crawl/]: Loading dungeoncrawl:models/default/corridor/linker/linker_4.nbt
[24Jan2026 17:18:57.466] [main/DEBUG] [Dungeon Crawl/]: Loading dungeoncrawl:models/default/corridor/linker/linker_4.json
[24Jan2026 17:18:57.466] [main/DEBUG] [Dungeon Crawl/]: Loading dungeoncrawl:models/default/corridor/linker/linker_5.nbt
[24Jan2026 17:18:57.467] [main/DEBUG] [Dungeon Crawl/]: Loading dungeoncrawl:models/default/corridor/linker/linker_5.json
[24Jan2026 17:18:57.467] [main/DEBUG] [Dungeon Crawl/]: Loading dungeoncrawl:models/default/corridor/linker/linker_6.nbt
[24Jan2026 17:18:57.469] [main/DEBUG] [Dungeon Crawl/]: Loading dungeoncrawl:models/default/corridor/linker/linker_6.json
[24Jan2026 17:18:57.469] [main/DEBUG] [Dungeon Crawl/]: Loading dungeoncrawl:models/default/corridor/old_corridor.nbt
[24Jan2026 17:18:57.470] [main/DEBUG] [Dungeon Crawl/]: Loading dungeoncrawl:models/default/corridor/old_corridor.json
[24Jan2026 17:18:57.470] [main/DEBUG] [Dungeon Crawl/]: Loading dungeoncrawl:models/default/corridor/old_corridor_3.nbt
[24Jan2026 17:18:57.471] [main/DEBUG] [Dungeon Crawl/]: Loading dungeoncrawl:models/default/corridor/old_corridor_3.json
[24Jan2026 17:18:57.471] [main/DEBUG] [Dungeon Crawl/]: Loading dungeoncrawl:models/default/corridor/secret_room_entrance.nbt
[24Jan2026 17:18:57.472] [main/DEBUG] [Dungeon Crawl/]: Loading dungeoncrawl:models/default/corridor/secret_room_entrance.json
[24Jan2026 17:18:57.474] [main/DEBUG] [Dungeon Crawl/]: Loading dungeoncrawl:models/default/corridor/stone_corridor.nbt
[24Jan2026 17:18:57.475] [main/DEBUG] [Dungeon Crawl/]: Loading dungeoncrawl:models/default/corridor/stone_corridor.json
[24Jan2026 17:18:57.475] [main/DEBUG] [Dungeon Crawl/]: Loading dungeoncrawl:models/default/loot_room.nbt
[24Jan2026 17:18:57.493] [main/DEBUG] [Dungeon Crawl/]: Loading dungeoncrawl:models/default/loot_room.json
[24Jan2026 17:18:57.493] [main/DEBUG] [Dungeon Crawl/]: Loading dungeoncrawl:models/default/multipart/corridor/bookshelf.nbt
[24Jan2026 17:18:57.494] [main/DEBUG] [Dungeon Crawl/]: Loading dungeoncrawl:models/default/multipart/corridor/chest.nbt
[24Jan2026 17:18:57.494] [main/DEBUG] [Dungeon Crawl/]: Loading dungeoncrawl:models/default/multipart/corridor/chest_room.nbt
[24Jan2026 17:18:57.495] [main/DEBUG] [Dungeon Crawl/]: Loading dungeoncrawl:models/default/multipart/corridor/chest_room_2.nbt
[24Jan2026 17:18:57.495] [main/DEBUG] [Dungeon Crawl/]: Loading dungeoncrawl:models/default/multipart/corridor/crops.nbt
[24Jan2026 17:18:57.496] [main/DEBUG] [Dungeon Crawl/]: Loading dungeoncrawl:models/default/multipart/corridor/crops.json
[24Jan2026 17:18:57.496] [main/DEBUG] [Dungeon Crawl/]: Loading dungeoncrawl:models/default/multipart/corridor/default.nbt
[24Jan2026 17:18:57.496] [main/DEBUG] [Dungeon Crawl/]: Loading dungeoncrawl:models/default/multipart/corridor/empty_room.nbt
[24Jan2026 17:18:57.497] [main/DEBUG] [Dungeon Crawl/]: Loading dungeoncrawl:models/default/multipart/corridor/empty_room_2.nbt
[24Jan2026 17:18:57.497] [main/DEBUG] [Dungeon Crawl/]: Loading dungeoncrawl:models/default/multipart/corridor/empty_room_3.nbt
[24Jan2026 17:18:57.498] [main/DEBUG] [Dungeon Crawl/]: Loading dungeoncrawl:models/default/multipart/corridor/empty_room_4.nbt
[24Jan2026 17:18:57.498] [main/DEBUG] [Dungeon Crawl/]: Loading dungeoncrawl:models/default/multipart/corridor/fire.nbt
[24Jan2026 17:18:57.498] [main/DEBUG] [Dungeon Crawl/]: Loading dungeoncrawl:models/default/multipart/corridor/light.nbt
[24Jan2026 17:18:57.499] [main/DEBUG] [Dungeon Crawl/]: Loading dungeoncrawl:models/default/multipart/corridor/light_switch.nbt
[24Jan2026 17:18:57.499] [main/DEBUG] [Dungeon Crawl/]: Loading dungeoncrawl:models/default/multipart/corridor/secret_room_entrance.nbt
[24Jan2026 17:18:57.500] [main/DEBUG] [Dungeon Crawl/]: Loading dungeoncrawl:models/default/multipart/corridor/secret_room_entrance_2.nbt
[24Jan2026 17:18:57.500] [main/DEBUG] [Dungeon Crawl/]: Loading dungeoncrawl:models/default/multipart/corridor/secret_room_entrance_3.nbt
[24Jan2026 17:18:57.500] [main/DEBUG] [Dungeon Crawl/]: Loading dungeoncrawl:models/default/multipart/corridor/secret_room_entrance_bookshelf.nbt
[24Jan2026 17:18:57.501] [main/DEBUG] [Dungeon Crawl/]: Loading dungeoncrawl:models/default/multipart/corridor/spawner.nbt
[24Jan2026 17:18:57.501] [main/DEBUG] [Dungeon Crawl/]: Loading dungeoncrawl:models/default/multipart/corridor/spawner_room.nbt
[24Jan2026 17:18:57.502] [main/DEBUG] [Dungeon Crawl/]: Loading dungeoncrawl:models/default/multipart/corridor/variant.nbt
[24Jan2026 17:18:57.502] [main/DEBUG] [Dungeon Crawl/]: Loading dungeoncrawl:models/default/multipart/corridor/variant_2.nbt
[24Jan2026 17:18:57.503] [main/DEBUG] [Dungeon Crawl/]: Loading dungeoncrawl:models/default/multipart/large_wall.nbt
[24Jan2026 17:18:57.503] [main/DEBUG] [Dungeon Crawl/]: Loading dungeoncrawl:models/default/multipart/node_connector.nbt
[24Jan2026 17:18:57.503] [main/DEBUG] [Dungeon Crawl/]: Loading dungeoncrawl:models/default/multipart/short_node_connector.nbt
[24Jan2026 17:18:57.504] [main/DEBUG] [Dungeon Crawl/]: Loading dungeoncrawl:models/default/multipart/wall.nbt
[24Jan2026 17:18:57.504] [main/DEBUG] [Dungeon Crawl/]: Loading dungeoncrawl:models/default/multipart/wall_2.nbt
[24Jan2026 17:18:57.505] [main/DEBUG] [Dungeon Crawl/]: Loading dungeoncrawl:models/default/node/connector/connector.nbt
[24Jan2026 17:18:57.505] [main/DEBUG] [Dungeon Crawl/]: Loading dungeoncrawl:models/default/node/connector/connector.json
[24Jan2026 17:18:57.505] [main/DEBUG] [Dungeon Crawl/]: Loading dungeoncrawl:models/default/node/connector/connector_2.nbt
[24Jan2026 17:18:57.506] [main/DEBUG] [Dungeon Crawl/]: Loading dungeoncrawl:models/default/node/connector/connector_2.json
[24Jan2026 17:18:57.506] [main/DEBUG] [Dungeon Crawl/]: Loading dungeoncrawl:models/default/node/connector/connector_3.nbt
[24Jan2026 17:18:57.509] [main/DEBUG] [Dungeon Crawl/]: Loading dungeoncrawl:models/default/node/connector/connector_3.json
[24Jan2026 17:18:57.509] [main/DEBUG] [Dungeon Crawl/]: Loading dungeoncrawl:models/default/node/connector/connector_4.nbt
[24Jan2026 17:18:57.510] [main/DEBUG] [Dungeon Crawl/]: Loading dungeoncrawl:models/default/node/connector/connector_4.json
[24Jan2026 17:18:57.510] [main/DEBUG] [Dungeon Crawl/]: Loading dungeoncrawl:models/default/node/connector/connector_6.nbt
[24Jan2026 17:18:57.510] [main/DEBUG] [Dungeon Crawl/]: Loading dungeoncrawl:models/default/node/connector/connector_6.json
[24Jan2026 17:18:57.511] [main/DEBUG] [Dungeon Crawl/]: Loading dungeoncrawl:models/default/node/connector/connector_lava.nbt
[24Jan2026 17:18:57.511] [main/DEBUG] [Dungeon Crawl/]: Loading dungeoncrawl:models/default/node/connector/node_connector_catacomb.nbt
[24Jan2026 17:18:57.512] [main/DEBUG] [Dungeon Crawl/]: Loading dungeoncrawl:models/default/node/connector/node_connector_catacomb.json
[24Jan2026 17:18:57.512] [main/DEBUG] [Dungeon Crawl/]: Loading dungeoncrawl:models/default/node/dark_hall.nbt
[24Jan2026 17:18:57.520] [main/DEBUG] [Dungeon Crawl/]: Loading dungeoncrawl:models/default/node/fire_hall.nbt
[24Jan2026 17:18:57.533] [main/DEBUG] [Dungeon Crawl/]: Loading dungeoncrawl:models/default/node/fireplace.nbt
[24Jan2026 17:18:57.537] [main/DEBUG] [Dungeon Crawl/]: Loading dungeoncrawl:models/default/node/fireplace.json
[24Jan2026 17:18:57.537] [main/DEBUG] [Dungeon Crawl/]: Loading dungeoncrawl:models/default/node/forge.nbt
[24Jan2026 17:18:57.541] [main/DEBUG] [Dungeon Crawl/]: Loading dungeoncrawl:models/default/node/forge.json
[24Jan2026 17:18:57.541] [main/DEBUG] [Dungeon Crawl/]: Loading dungeoncrawl:models/default/node/jukebox_room.nbt
[24Jan2026 17:18:57.544] [main/DEBUG] [Dungeon Crawl/]: Loading dungeoncrawl:models/default/node/jukebox_room.json
[24Jan2026 17:18:57.544] [main/DEBUG] [Dungeon Crawl/]: Loading dungeoncrawl:models/default/node/library.nbt
[24Jan2026 17:18:57.554] [main/DEBUG] [Dungeon Crawl/]: Loading dungeoncrawl:models/default/node/library.json
[24Jan2026 17:18:57.555] [main/DEBUG] [Dungeon Crawl/]: Loading dungeoncrawl:models/default/node/node_turn.nbt
[24Jan2026 17:18:57.559] [main/DEBUG] [Dungeon Crawl/]: Loading dungeoncrawl:models/default/node/node_turn.json
[24Jan2026 17:18:57.559] [main/DEBUG] [Dungeon Crawl/]: Loading dungeoncrawl:models/default/node/old_fire_hall.nbt
[24Jan2026 17:18:57.566] [main/DEBUG] [Dungeon Crawl/]: Loading dungeoncrawl:models/default/node/old_fire_hall.json
[24Jan2026 17:18:57.566] [main/DEBUG] [Dungeon Crawl/]: Loading dungeoncrawl:models/default/node/old_jukebox_room.nbt
[24Jan2026 17:18:57.569] [main/DEBUG] [Dungeon Crawl/]: Loading dungeoncrawl:models/default/node/old_jukebox_room.json
[24Jan2026 17:18:57.570] [main/DEBUG] [Dungeon Crawl/]: Loading dungeoncrawl:models/default/node/room.nbt
[24Jan2026 17:18:57.572] [main/DEBUG] [Dungeon Crawl/]: Loading dungeoncrawl:models/default/node/room.json
[24Jan2026 17:18:57.572] [main/DEBUG] [Dungeon Crawl/]: Loading dungeoncrawl:models/default/node/room_2.nbt
[24Jan2026 17:18:57.576] [main/DEBUG] [Dungeon Crawl/]: Loading dungeoncrawl:models/default/node/room_2.json
[24Jan2026 17:18:57.576] [main/DEBUG] [Dungeon Crawl/]: Loading dungeoncrawl:models/default/node/spawner_hall.nbt
[24Jan2026 17:18:57.586] [main/DEBUG] [Dungeon Crawl/]: Loading dungeoncrawl:models/default/node/spawner_hall.json
[24Jan2026 17:18:57.586] [main/DEBUG] [Dungeon Crawl/]: Loading dungeoncrawl:models/default/old_loot_room.nbt
[24Jan2026 17:18:57.595] [main/DEBUG] [Dungeon Crawl/]: Loading dungeoncrawl:models/default/old_loot_room.json
[24Jan2026 17:18:57.596] [main/DEBUG] [Dungeon Crawl/]: Loading dungeoncrawl:models/default/room/food_side_room.nbt
[24Jan2026 17:18:57.597] [main/DEBUG] [Dungeon Crawl/]: Loading dungeoncrawl:models/default/room/food_side_room.json
[24Jan2026 17:18:57.597] [main/DEBUG] [Dungeon Crawl/]: Loading dungeoncrawl:models/default/room/secret_room.nbt
[24Jan2026 17:18:57.599] [main/DEBUG] [Dungeon Crawl/]: Loading dungeoncrawl:models/default/room/secret_room.json
[24Jan2026 17:18:57.599] [main/DEBUG] [Dungeon Crawl/]: Loading dungeoncrawl:models/default/room/spawner_room.nbt
[24Jan2026 17:18:57.600] [main/DEBUG] [Dungeon Crawl/]: Loading dungeoncrawl:models/default/room/spawner_room.json
[24Jan2026 17:18:57.600] [main/DEBUG] [Dungeon Crawl/]: Loading dungeoncrawl:models/default/room/spawner_room_2.nbt
[24Jan2026 17:18:57.601] [main/DEBUG] [Dungeon Crawl/]: Loading dungeoncrawl:models/default/room/spawner_room_2.json
[24Jan2026 17:18:57.601] [main/DEBUG] [Dungeon Crawl/]: Loading dungeoncrawl:models/default/room/spawner_room_material.nbt
[24Jan2026 17:18:57.602] [main/DEBUG] [Dungeon Crawl/]: Loading dungeoncrawl:models/default/room/spawner_room_material.json
[24Jan2026 17:18:57.602] [main/DEBUG] [Dungeon Crawl/]: Loading dungeoncrawl:models/default/room/spawner_room_material_2.nbt
[24Jan2026 17:18:57.603] [main/DEBUG] [Dungeon Crawl/]: Loading dungeoncrawl:models/default/room/spawner_room_material_2.json
[24Jan2026 17:18:57.603] [main/DEBUG] [Dungeon Crawl/]: Loading dungeoncrawl:models/default/room/starter_room.nbt
[24Jan2026 17:18:57.604] [main/DEBUG] [Dungeon Crawl/]: Loading dungeoncrawl:models/default/room/starter_room.json
[24Jan2026 17:18:57.604] [main/DEBUG] [Dungeon Crawl/]: Loading dungeoncrawl:models/default/room/tnt_trap_side_room.nbt
[24Jan2026 17:18:57.605] [main/DEBUG] [Dungeon Crawl/]: Loading dungeoncrawl:models/default/room/tnt_trap_side_room.json
[24Jan2026 17:18:57.605] [main/DEBUG] [Dungeon Crawl/]: Loading dungeoncrawl:models/default/staircase.nbt
[24Jan2026 17:18:57.606] [main/DEBUG] [Dungeon Crawl/]: Loading dungeoncrawl:models/default/staircase.json
[24Jan2026 17:18:57.606] [main/DEBUG] [Dungeon Crawl/]: Loading dungeoncrawl:models/default/staircase_layer.nbt
[24Jan2026 17:18:57.606] [main/DEBUG] [Dungeon Crawl/]: Loading dungeoncrawl:models/default/stairs_bottom.nbt
[24Jan2026 17:18:57.608] [main/DEBUG] [Dungeon Crawl/]: Loading dungeoncrawl:models/default/stairs_bottom.json
[24Jan2026 17:18:57.608] [main/DEBUG] [Dungeon Crawl/]: Loading dungeoncrawl:models/default/stairs_bottom_2.nbt
[24Jan2026 17:18:57.609] [main/DEBUG] [Dungeon Crawl/]: Loading dungeoncrawl:models/default/stairs_bottom_2.json
[24Jan2026 17:18:57.609] [main/DEBUG] [Dungeon Crawl/]: Loading dungeoncrawl:models/default/stairs_top.nbt
[24Jan2026 17:18:57.610] [main/DEBUG] [Dungeon Crawl/]: Loading dungeoncrawl:models/default/stairs_top.json
[24Jan2026 17:18:57.610] [main/DEBUG] [Dungeon Crawl/]: Loading dungeoncrawl:models/entrance/roguelike/eniko_tower.nbt
[24Jan2026 17:18:57.615] [main/DEBUG] [Dungeon Crawl/]: Loading dungeoncrawl:models/entrance/roguelike/eniko_tower.json
[24Jan2026 17:18:57.615] [main/DEBUG] [Dungeon Crawl/]: Loading dungeoncrawl:models/entrance/roguelike/house.nbt
[24Jan2026 17:18:57.619] [main/DEBUG] [Dungeon Crawl/]: Loading dungeoncrawl:models/entrance/roguelike/house.json
[24Jan2026 17:18:57.619] [main/DEBUG] [Dungeon Crawl/]: Loading dungeoncrawl:models/entrance/roguelike/pyramid.nbt
[24Jan2026 17:18:57.621] [main/DEBUG] [Dungeon Crawl/]: Loading dungeoncrawl:models/entrance/roguelike/pyramid.json
[24Jan2026 17:18:57.621] [main/DEBUG] [Dungeon Crawl/]: Loading dungeoncrawl:models/entrance/roguelike/rogue_tower.nbt
[24Jan2026 17:18:57.624] [main/DEBUG] [Dungeon Crawl/]: Loading dungeoncrawl:models/entrance/roguelike/rogue_tower.json
[24Jan2026 17:18:57.624] [main/DEBUG] [Dungeon Crawl/]: Loading dungeoncrawl:models/entrance/roguelike/witch_tower.nbt
[24Jan2026 17:18:57.627] [main/DEBUG] [Dungeon Crawl/]: Loading dungeoncrawl:models/entrance/roguelike/witch_tower.json
[24Jan2026 17:18:57.627] [main/DEBUG] [Dungeon Crawl/]: Loading dungeoncrawl:models/hell/node/lava_hall.nbt
[24Jan2026 17:18:57.632] [main/DEBUG] [Dungeon Crawl/]: Loading dungeoncrawl:models/hell/node/small_loot_room.nbt
[24Jan2026 17:18:57.635] [main/DEBUG] [Dungeon Crawl/]: Loading dungeoncrawl:models/hell/node/small_loot_room.json
[24Jan2026 17:18:57.636] [main/DEBUG] [Dungeon Crawl/]: Loading dungeoncrawl:models/hell/room/empty_room.nbt
[24Jan2026 17:18:57.638] [main/DEBUG] [Dungeon Crawl/]: Loading dungeoncrawl:models/hell/room/empty_room.json
[24Jan2026 17:18:57.638] [main/DEBUG] [Dungeon Crawl/]: Loading dungeoncrawl:models/hell/room/spawner_room.nbt
[24Jan2026 17:18:57.639] [main/DEBUG] [Dungeon Crawl/]: Loading dungeoncrawl:models/hell/room/spawner_room.json
[24Jan2026 17:18:57.640] [main/DEBUG] [Dungeon Crawl/]: Loading dungeoncrawl:dungeon/model_pools.json
[24Jan2026 17:18:57.646] [main/DEBUG] [Dungeon Crawl/]: Loading dungeoncrawl:dungeon/types/default.json
[24Jan2026 17:18:57.657] [main/DEBUG] [Dungeon Crawl/]: Loading dungeoncrawl:dungeon/types/desert/default.json
[24Jan2026 17:18:57.657] [main/DEBUG] [Dungeon Crawl/]: Loading dungeoncrawl:dungeon/types/forest/default.json
[24Jan2026 17:18:57.659] [main/DEBUG] [Dungeon Crawl/]: Loading dungeoncrawl:dungeon/types/mountains/default.json
[24Jan2026 17:18:57.661] [main/DEBUG] [Dungeon Crawl/]: Loading dungeoncrawl:dungeon/biome_mappings/default.json
[24Jan2026 17:18:57.664] [main/DEBUG] [Dungeon Crawl/]: Loading dungeoncrawl:theming/secondary_themes/catacombs/crumbled.json
[24Jan2026 17:18:57.667] [main/DEBUG] [Dungeon Crawl/]: Loading dungeoncrawl:theming/secondary_themes/hell/roguelike.json
[24Jan2026 17:18:57.668] [main/DEBUG] [Dungeon Crawl/]: Loading dungeoncrawl:theming/secondary_themes/vanilla/acacia.json
[24Jan2026 17:18:57.669] [main/DEBUG] [Dungeon Crawl/]: Loading dungeoncrawl:theming/secondary_themes/vanilla/badlands/default.json
[24Jan2026 17:18:57.669] [main/DEBUG] [Dungeon Crawl/]: Loading dungeoncrawl:theming/secondary_themes/vanilla/birch.json
[24Jan2026 17:18:57.669] [main/DEBUG] [Dungeon Crawl/]: Loading dungeoncrawl:theming/secondary_themes/vanilla/catacombs/mossy.json
[24Jan2026 17:18:57.670] [main/DEBUG] [Dungeon Crawl/]: Loading dungeoncrawl:theming/secondary_themes/vanilla/catacombs/overgrown.json
[24Jan2026 17:18:57.671] [main/DEBUG] [Dungeon Crawl/]: Loading dungeoncrawl:theming/secondary_themes/vanilla/dark_oak.json
[24Jan2026 17:18:57.671] [main/DEBUG] [Dungeon Crawl/]: Loading dungeoncrawl:theming/secondary_themes/vanilla/desert/default.json
[24Jan2026 17:18:57.672] [main/DEBUG] [Dungeon Crawl/]: Loading dungeoncrawl:theming/secondary_themes/vanilla/desert/diorite.json
[24Jan2026 17:18:57.672] [main/DEBUG] [Dungeon Crawl/]: Loading dungeoncrawl:theming/secondary_themes/vanilla/desert/granite.json
[24Jan2026 17:18:57.672] [main/DEBUG] [Dungeon Crawl/]: Loading dungeoncrawl:theming/secondary_themes/vanilla/hell/default.json
[24Jan2026 17:18:57.673] [main/DEBUG] [Dungeon Crawl/]: Loading dungeoncrawl:theming/secondary_themes/vanilla/jungle.json
[24Jan2026 17:18:57.673] [main/DEBUG] [Dungeon Crawl/]: Loading dungeoncrawl:theming/secondary_themes/vanilla/mountains/default.json
[24Jan2026 17:18:57.673] [main/DEBUG] [Dungeon Crawl/]: Loading dungeoncrawl:theming/secondary_themes/vanilla/oak.json
[24Jan2026 17:18:57.674] [main/DEBUG] [Dungeon Crawl/]: Loading dungeoncrawl:theming/secondary_themes/vanilla/spruce.json
[24Jan2026 17:18:57.675] [main/DEBUG] [Dungeon Crawl/]: Loading dungeoncrawl:theming/primary_themes/catacombs/crumbled.json
[24Jan2026 17:18:57.679] [main/DEBUG] [Dungeon Crawl/]: Loading dungeoncrawl:theming/primary_themes/create/andesite.json
[24Jan2026 17:18:57.680] [main/DEBUG] [Dungeon Crawl/]: Loading dungeoncrawl:theming/primary_themes/create/crumbled_andesite.json
[24Jan2026 17:18:57.680] [main/DEBUG] [Dungeon Crawl/]: Loading dungeoncrawl:theming/primary_themes/create/mossy_andesite.json
[24Jan2026 17:18:57.681] [main/DEBUG] [Dungeon Crawl/]: Loading dungeoncrawl:theming/primary_themes/create/overgrown_andesite.json
[24Jan2026 17:18:57.682] [main/DEBUG] [Dungeon Crawl/]: Loading dungeoncrawl:theming/primary_themes/hell/roguelike.json
[24Jan2026 17:18:57.682] [main/DEBUG] [Dungeon Crawl/]: Loading dungeoncrawl:theming/primary_themes/vanilla/andesite.json
[24Jan2026 17:18:57.683] [main/DEBUG] [Dungeon Crawl/]: Loading dungeoncrawl:theming/primary_themes/vanilla/badlands/default.json
[24Jan2026 17:18:57.684] [main/DEBUG] [Dungeon Crawl/]: Loading dungeoncrawl:theming/primary_themes/vanilla/bricks.json
[24Jan2026 17:18:57.684] [main/DEBUG] [Dungeon Crawl/]: Loading dungeoncrawl:theming/primary_themes/vanilla/bricks_2.json
[24Jan2026 17:18:57.685] [main/DEBUG] [Dungeon Crawl/]: Loading dungeoncrawl:theming/primary_themes/vanilla/catacombs/ancient.json
[24Jan2026 17:18:57.687] [main/DEBUG] [Dungeon Crawl/]: Loading dungeoncrawl:theming/primary_themes/vanilla/catacombs/bricks.json
[24Jan2026 17:18:57.689] [main/DEBUG] [Dungeon Crawl/]: Loading dungeoncrawl:theming/primary_themes/vanilla/catacombs/crumbled_floor.json
[24Jan2026 17:18:57.691] [main/DEBUG] [Dungeon Crawl/]: Loading dungeoncrawl:theming/primary_themes/vanilla/catacombs/mossy.json
[24Jan2026 17:18:57.691] [main/DEBUG] [Dungeon Crawl/]: Loading dungeoncrawl:theming/primary_themes/vanilla/catacombs/overgrown.json
[24Jan2026 17:18:57.694] [main/DEBUG] [Dungeon Crawl/]: Loading dungeoncrawl:theming/primary_themes/vanilla/default.json
[24Jan2026 17:18:57.695] [main/DEBUG] [Dungeon Crawl/]: Loading dungeoncrawl:theming/primary_themes/vanilla/desert/default.json
[24Jan2026 17:18:57.697] [main/DEBUG] [Dungeon Crawl/]: Loading dungeoncrawl:theming/primary_themes/vanilla/desert/diorite.json
[24Jan2026 17:18:57.697] [main/DEBUG] [Dungeon Crawl/]: Loading dungeoncrawl:theming/primary_themes/vanilla/desert/granite.json
[24Jan2026 17:18:57.698] [main/DEBUG] [Dungeon Crawl/]: Loading dungeoncrawl:theming/primary_themes/vanilla/desert/terracotta.json
[24Jan2026 17:18:57.699] [main/DEBUG] [Dungeon Crawl/]: Loading dungeoncrawl:theming/primary_themes/vanilla/hell/checked_floor.json
[24Jan2026 17:18:57.700] [main/DEBUG] [Dungeon Crawl/]: Loading dungeoncrawl:theming/primary_themes/vanilla/hell/default.json
[24Jan2026 17:18:57.700] [main/DEBUG] [Dungeon Crawl/]: Loading dungeoncrawl:theming/primary_themes/vanilla/hell/mossy.json
[24Jan2026 17:18:57.701] [main/DEBUG] [Dungeon Crawl/]: Loading dungeoncrawl:theming/primary_themes/vanilla/jungle/default.json
[24Jan2026 17:18:57.702] [main/DEBUG] [Dungeon Crawl/]: Loading dungeoncrawl:theming/primary_themes/vanilla/mountains/default.json
[24Jan2026 17:18:57.711] [main/DEBUG] [Dungeon Crawl/]: Loading dungeoncrawl:monster/spawn_rates.json
[24Jan2026 17:18:57.712] [main/DEBUG] [Dungeon Crawl/]: Loading dungeoncrawl:treasure/stage_1.json
[24Jan2026 17:18:57.713] [main/DEBUG] [Dungeon Crawl/]: Loading dungeoncrawl:treasure/stage_2.json
[24Jan2026 17:18:57.714] [main/DEBUG] [Dungeon Crawl/]: Loading dungeoncrawl:treasure/stage_3.json
[24Jan2026 17:18:57.714] [main/DEBUG] [Dungeon Crawl/]: Loading dungeoncrawl:treasure/stage_4.json
[24Jan2026 17:18:57.714] [main/DEBUG] [Dungeon Crawl/]: Loading dungeoncrawl:treasure/stage_5.json
[24Jan2026 17:18:57.716] [main/DEBUG] [Dungeon Crawl/]: Loading dungeoncrawl:monster/entities/stage_1.json
[24Jan2026 17:18:57.719] [main/DEBUG] [Dungeon Crawl/]: Loading dungeoncrawl:monster/entities/stage_2.json
[24Jan2026 17:18:57.720] [main/DEBUG] [Dungeon Crawl/]: Loading dungeoncrawl:monster/entities/stage_3.json
[24Jan2026 17:18:57.720] [main/DEBUG] [Dungeon Crawl/]: Loading dungeoncrawl:monster/entities/stage_4.json
[24Jan2026 17:18:57.720] [main/DEBUG] [Dungeon Crawl/]: Loading dungeoncrawl:monster/entities/stage_5.json
[24Jan2026 17:18:57.721] [main/DEBUG] [Dungeon Crawl/]: Loading dungeoncrawl:monster/equipment/armor/stage_1.json
[24Jan2026 17:18:57.721] [main/DEBUG] [Dungeon Crawl/]: Loading dungeoncrawl:monster/equipment/armor/stage_2.json
[24Jan2026 17:18:57.722] [main/DEBUG] [Dungeon Crawl/]: Loading dungeoncrawl:monster/equipment/armor/stage_3.json
[24Jan2026 17:18:57.722] [main/DEBUG] [Dungeon Crawl/]: Loading dungeoncrawl:monster/equipment/armor/stage_4.json
[24Jan2026 17:18:57.722] [main/DEBUG] [Dungeon Crawl/]: Loading dungeoncrawl:monster/equipment/armor/stage_5.json
[24Jan2026 17:18:57.723] [main/DEBUG] [Dungeon Crawl/]: Loading dungeoncrawl:monster/equipment/weapon/stage_1.json
[24Jan2026 17:18:57.723] [main/DEBUG] [Dungeon Crawl/]: Loading dungeoncrawl:monster/equipment/weapon/stage_2.json
[24Jan2026 17:18:57.724] [main/DEBUG] [Dungeon Crawl/]: Loading dungeoncrawl:monster/equipment/weapon/stage_3.json
[24Jan2026 17:18:57.724] [main/DEBUG] [Dungeon Crawl/]: Loading dungeoncrawl:monster/equipment/weapon/stage_4.json
[24Jan2026 17:18:57.724] [main/DEBUG] [Dungeon Crawl/]: Loading dungeoncrawl:monster/equipment/weapon/stage_5.json
[24Jan2026 17:18:57.726] [main/DEBUG] [Dungeon Crawl/]: Loading dungeoncrawl:monster/potion_effects/stage_1.json
[24Jan2026 17:18:57.728] [main/DEBUG] [Dungeon Crawl/]: Loading dungeoncrawl:monster/potion_effects/stage_2.json
[24Jan2026 17:18:57.728] [main/DEBUG] [Dungeon Crawl/]: Loading dungeoncrawl:monster/potion_effects/stage_3.json
[24Jan2026 17:18:57.729] [main/DEBUG] [Dungeon Crawl/]: Loading dungeoncrawl:monster/potion_effects/stage_4.json
[24Jan2026 17:18:57.730] [main/DEBUG] [Dungeon Crawl/]: Loading dungeoncrawl:monster/potion_effects/stage_5.json
[24Jan2026 17:18:57.730] [main/DEBUG] [Dungeon Crawl/]: Completing...
[24Jan2026 17:18:57.731] [main/INFO] [Dungeon Crawl/]: Done.
[24Jan2026 17:18:57.733] [main/DEBUG] [sophisticatedbackpacks/]: Started loading registry data from sophisticatedbackpacks:compat/woot/block_tools 
[24Jan2026 17:18:57.733] [main/DEBUG] [sophisticatedbackpacks/]: Started loading registry data from sophisticatedbackpacks:compat/fluxnetworks/block_tools 
[24Jan2026 17:18:57.733] [main/DEBUG] [sophisticatedbackpacks/]: Started loading registry data from sophisticatedbackpacks:compat/mob_grinding_utils/entity_tools 
[24Jan2026 17:18:57.733] [main/DEBUG] [sophisticatedbackpacks/]: Started loading registry data from sophisticatedbackpacks:compat/astralsorcery/block_tools 
[24Jan2026 17:18:57.734] [main/DEBUG] [sophisticatedbackpacks/]: Started loading registry data from sophisticatedbackpacks:compat/immersivepetroleum/block_tools 
[24Jan2026 17:18:57.734] [main/DEBUG] [sophisticatedbackpacks/]: Started loading registry data from sophisticatedbackpacks:compat/immersiveengineering/block_tools 
[24Jan2026 17:18:57.734] [main/DEBUG] [sophisticatedbackpacks/]: Started loading registry data from sophisticatedbackpacks:compat/pedestals/block_tools 
[24Jan2026 17:18:57.734] [main/DEBUG] [sophisticatedbackpacks/]: Started loading registry data from sophisticatedbackpacks:compat/platforms/block_tools 
[24Jan2026 17:18:57.734] [main/DEBUG] [sophisticatedbackpacks/]: Started loading registry data from sophisticatedbackpacks:compat/rftoolsutility/entity_tools 
[24Jan2026 17:18:57.734] [main/DEBUG] [sophisticatedbackpacks/]: Started loading registry data from sophisticatedbackpacks:compat/compactmachines/block_tools 
[24Jan2026 17:18:57.734] [main/DEBUG] [sophisticatedbackpacks/]: Started loading registry data from sophisticatedbackpacks:compat/mcwwindows/block_tools 
[24Jan2026 17:18:57.734] [main/DEBUG] [sophisticatedbackpacks/]: Started loading registry data from sophisticatedbackpacks:compat/integrateddynamics/block_tools 
[24Jan2026 17:18:57.735] [main/DEBUG] [sophisticatedbackpacks/]: Started loading registry data from sophisticatedbackpacks:entity_tools 
[24Jan2026 17:18:57.737] [main/DEBUG] [sophisticatedbackpacks/]: Finished loading registry data for sophisticatedbackpacks:entity_tools
[24Jan2026 17:18:57.737] [main/DEBUG] [sophisticatedbackpacks/]: Started loading registry data from sophisticatedbackpacks:compat/mekanism/block_tools 
[24Jan2026 17:18:57.737] [main/DEBUG] [sophisticatedbackpacks/]: Started loading registry data from sophisticatedbackpacks:compat/powah/block_tools 
[24Jan2026 17:18:57.738] [main/DEBUG] [sophisticatedbackpacks/]: Started loading registry data from sophisticatedbackpacks:compat/apotheosis/entity_tools 
[24Jan2026 17:18:57.738] [main/DEBUG] [sophisticatedbackpacks/]: Started loading registry data from sophisticatedbackpacks:compat/bloodmagic/block_tools 
[24Jan2026 17:18:57.738] [main/DEBUG] [sophisticatedbackpacks/]: Started loading registry data from sophisticatedbackpacks:compat/immersiveposts/block_tools 
[24Jan2026 17:18:57.738] [main/DEBUG] [sophisticatedbackpacks/]: Started loading registry data from sophisticatedbackpacks:compat/rats/entity_tools 
[24Jan2026 17:18:57.739] [main/DEBUG] [sophisticatedbackpacks/]: Started loading registry data from sophisticatedbackpacks:compat/framedcompactdrawers/block_tools 
[24Jan2026 17:18:57.739] [main/DEBUG] [sophisticatedbackpacks/]: Started loading registry data from sophisticatedbackpacks:compat/iceandfire/entity_tools 
[24Jan2026 17:18:57.739] [main/DEBUG] [sophisticatedbackpacks/]: Started loading registry data from sophisticatedbackpacks:compat/storagedrawers/block_tools 
[24Jan2026 17:18:57.739] [main/DEBUG] [sophisticatedbackpacks/]: Started loading registry data from sophisticatedbackpacks:compat/mcwroofs/block_tools 
[24Jan2026 17:18:57.739] [main/DEBUG] [sophisticatedbackpacks/]: Started loading registry data from sophisticatedbackpacks:compat/morphtool/block_tools 
[24Jan2026 17:18:57.740] [main/DEBUG] [sophisticatedbackpacks/]: Started loading registry data from sophisticatedbackpacks:compat/botania/block_tools 
[24Jan2026 17:18:57.740] [main/DEBUG] [sophisticatedbackpacks/]: Started loading registry data from sophisticatedbackpacks:compat/pneumaticraft/block_tools 
[24Jan2026 17:18:57.740] [main/DEBUG] [sophisticatedbackpacks/]: Started loading registry data from sophisticatedbackpacks:compat/shrink/entity_tools 
[24Jan2026 17:18:57.740] [main/DEBUG] [sophisticatedbackpacks/]: Started loading registry data from sophisticatedbackpacks:compat/blockcarpentry/block_tools 
[24Jan2026 17:18:57.740] [main/DEBUG] [sophisticatedbackpacks/]: Started loading registry data from sophisticatedbackpacks:compat/pipez/block_tools 
[24Jan2026 17:18:57.740] [main/DEBUG] [sophisticatedbackpacks/]: Started loading registry data from sophisticatedbackpacks:compat/transport/block_tools 
[24Jan2026 17:18:57.741] [main/DEBUG] [sophisticatedbackpacks/]: Started loading registry data from sophisticatedbackpacks:compat/thermal/block_tools 
[24Jan2026 17:18:57.742] [main/DEBUG] [sophisticatedbackpacks/]: Started loading registry data from sophisticatedbackpacks:block_tools 
[24Jan2026 17:18:57.742] [main/DEBUG] [sophisticatedbackpacks/]: Finished loading registry data for sophisticatedbackpacks:block_tools
[24Jan2026 17:18:57.743] [main/DEBUG] [sophisticatedbackpacks/]: Started loading registry data from sophisticatedbackpacks:compat/create/block_tools 
[24Jan2026 17:18:57.743] [main/DEBUG] [sophisticatedbackpacks/]: Started loading registry data from sophisticatedbackpacks:compat/farmersdelight/entity_tools 
[24Jan2026 17:18:57.743] [main/DEBUG] [sophisticatedbackpacks/]: Started loading registry data from sophisticatedbackpacks:compat/refinedstorage/block_tools 
[24Jan2026 17:18:57.744] [main/DEBUG] [sophisticatedbackpacks/]: Started loading registry data from sophisticatedbackpacks:compat/chiselsandbits/block_tools 
[24Jan2026 17:18:57.744] [main/DEBUG] [sophisticatedbackpacks/]: Started loading registry data from sophisticatedbackpacks:compat/farmersdelight/block_tools 
[24Jan2026 17:18:57.744] [main/DEBUG] [sophisticatedbackpacks/]: Started loading registry data from sophisticatedbackpacks:compat/resourcefulbees/entity_tools 
[24Jan2026 17:18:57.745] [main/DEBUG] [sophisticatedbackpacks/]: Started loading registry data from sophisticatedbackpacks:compat/tetra/swords 
[24Jan2026 17:18:57.745] [main/DEBUG] [sophisticatedbackpacks/]: Started loading registry data from sophisticatedbackpacks:swords 
[24Jan2026 17:18:57.745] [main/DEBUG] [sophisticatedbackpacks/]: Finished loading registry data for sophisticatedbackpacks:swords
[24Jan2026 17:18:57.746] [main/DEBUG] [sophisticatedbackpacks/]: Started loading registry data from sophisticatedbackpacks:compat/mythicbotany/block_tools 
[24Jan2026 17:18:57.746] [main/DEBUG] [sophisticatedbackpacks/]: Started loading registry data from sophisticatedbackpacks:compat/resourcefulbees/block_tools 
[24Jan2026 17:18:57.746] [main/DEBUG] [sophisticatedbackpacks/]: Started loading registry data from sophisticatedbackpacks:compat/syp/entity_tools 
[24Jan2026 17:18:57.746] [main/DEBUG] [sophisticatedbackpacks/]: Started loading registry data from sophisticatedbackpacks:compat/eidolon/block_tools 
[24Jan2026 17:18:57.746] [main/DEBUG] [sophisticatedbackpacks/]: Started loading registry data from sophisticatedbackpacks:compat/rftoolsbase/block_tools 
[24Jan2026 17:18:58.879] [main/DEBUG] [net.minecraftforge.common.ForgeHooks/WP]: Gathering id map for writing to world save world
[24Jan2026 17:18:58.905] [main/DEBUG] [net.minecraftforge.common.ForgeHooks/WP]: ID Map collection complete world
[24Jan2026 17:18:58.979] [Server thread/INFO] [net.minecraft.server.dedicated.DedicatedServer/]: Starting minecraft server version 1.20.1
[24Jan2026 17:18:58.980] [Server thread/INFO] [net.minecraft.server.dedicated.DedicatedServer/]: Loading properties
[24Jan2026 17:18:58.981] [Server thread/INFO] [net.minecraft.server.dedicated.DedicatedServer/]: Default game type: SURVIVAL
[24Jan2026 17:18:58.982] [Server thread/INFO] [net.minecraft.server.MinecraftServer/]: Generating keypair
[24Jan2026 17:18:59.201] [Server thread/INFO] [net.minecraft.server.dedicated.DedicatedServer/]: Starting Minecraft server on *:25565
[24Jan2026 17:18:59.214] [Server thread/DEBUG] [net.minecraftforge.network.DualStackUtils/]: Detected IPv6 address: "0:0:0:0:0:0:0:0"
[24Jan2026 17:18:59.230] [Server thread/DEBUG] [io.netty.util.internal.NativeLibraryLoader/]: -Dio.netty.native.workdir: /tmp (io.netty.tmpdir)
[24Jan2026 17:18:59.230] [Server thread/DEBUG] [io.netty.util.internal.NativeLibraryLoader/]: -Dio.netty.native.deleteLibAfterLoading: true
[24Jan2026 17:18:59.230] [Server thread/DEBUG] [io.netty.util.internal.NativeLibraryLoader/]: -Dio.netty.native.tryPatchShadedId: true
[24Jan2026 17:18:59.230] [Server thread/DEBUG] [io.netty.util.internal.NativeLibraryLoader/]: -Dio.netty.native.detectNativeLibraryDuplicates: true
[24Jan2026 17:18:59.244] [Server thread/DEBUG] [io.netty.util.internal.NativeLibraryLoader/]: Successfully loaded the library /tmp/libnetty_transport_native_epoll_x86_6416394225779052644045.so
[24Jan2026 17:18:59.249] [Server thread/DEBUG] [io.netty.util.NetUtil/]: -Djava.net.preferIPv4Stack: false
[24Jan2026 17:18:59.249] [Server thread/DEBUG] [io.netty.util.NetUtil/]: -Djava.net.preferIPv6Addresses: true
[24Jan2026 17:18:59.252] [Server thread/DEBUG] [io.netty.util.NetUtilInitializations/]: Loopback interface: lo (lo, 0:0:0:0:0:0:0:1%lo)
[24Jan2026 17:18:59.255] [Server thread/DEBUG] [io.netty.util.NetUtil/]: /proc/sys/net/core/somaxconn: 4096
[24Jan2026 17:18:59.262] [Server thread/INFO] [net.minecraft.server.network.ServerConnectionListener/]: Using epoll channel type
[24Jan2026 17:18:59.287] [Server thread/DEBUG] [io.netty.channel.MultithreadEventLoopGroup/]: -Dio.netty.eventLoopThreads: 4
[24Jan2026 17:18:59.332] [Server thread/DEBUG] [io.netty.util.internal.InternalThreadLocalMap/]: -Dio.netty.threadLocalMap.stringBuilder.initialSize: 1024
[24Jan2026 17:18:59.333] [Server thread/DEBUG] [io.netty.util.internal.InternalThreadLocalMap/]: -Dio.netty.threadLocalMap.stringBuilder.maxSize: 4096
[24Jan2026 17:18:59.368] [Server thread/DEBUG] [io.netty.util.internal.PlatformDependent/]: org.jctools-core.MpscChunkedArrayQueue: available
[24Jan2026 17:18:59.401] [Server thread/DEBUG] [io.netty.channel.DefaultChannelId/]: -Dio.netty.processId: 4206 (auto-detected)
[24Jan2026 17:18:59.403] [Server thread/DEBUG] [io.netty.channel.DefaultChannelId/]: -Dio.netty.machineId: 7c:1e:52:ff:fe:6d:f3:1e (auto-detected)
[24Jan2026 17:18:59.465] [Server thread/DEBUG] [io.netty.buffer.PooledByteBufAllocator/]: -Dio.netty.allocator.numHeapArenas: 4
[24Jan2026 17:18:59.466] [Server thread/DEBUG] [io.netty.buffer.PooledByteBufAllocator/]: -Dio.netty.allocator.numDirectArenas: 4
[24Jan2026 17:18:59.466] [Server thread/DEBUG] [io.netty.buffer.PooledByteBufAllocator/]: -Dio.netty.allocator.pageSize: 8192
[24Jan2026 17:18:59.466] [Server thread/DEBUG] [io.netty.buffer.PooledByteBufAllocator/]: -Dio.netty.allocator.maxOrder: 9
[24Jan2026 17:18:59.466] [Server thread/DEBUG] [io.netty.buffer.PooledByteBufAllocator/]: -Dio.netty.allocator.chunkSize: 4194304
[24Jan2026 17:18:59.466] [Server thread/DEBUG] [io.netty.buffer.PooledByteBufAllocator/]: -Dio.netty.allocator.smallCacheSize: 256
[24Jan2026 17:18:59.466] [Server thread/DEBUG] [io.netty.buffer.PooledByteBufAllocator/]: -Dio.netty.allocator.normalCacheSize: 64
[24Jan2026 17:18:59.466] [Server thread/DEBUG] [io.netty.buffer.PooledByteBufAllocator/]: -Dio.netty.allocator.maxCachedBufferCapacity: 32768
[24Jan2026 17:18:59.466] [Server thread/DEBUG] [io.netty.buffer.PooledByteBufAllocator/]: -Dio.netty.allocator.cacheTrimInterval: 8192
[24Jan2026 17:18:59.466] [Server thread/DEBUG] [io.netty.buffer.PooledByteBufAllocator/]: -Dio.netty.allocator.cacheTrimIntervalMillis: 0
[24Jan2026 17:18:59.466] [Server thread/DEBUG] [io.netty.buffer.PooledByteBufAllocator/]: -Dio.netty.allocator.useCacheForAllThreads: false
[24Jan2026 17:18:59.466] [Server thread/DEBUG] [io.netty.buffer.PooledByteBufAllocator/]: -Dio.netty.allocator.maxCachedByteBuffersPerChunk: 1023
[24Jan2026 17:18:59.483] [Server thread/DEBUG] [io.netty.buffer.ByteBufUtil/]: -Dio.netty.allocator.type: pooled
[24Jan2026 17:18:59.485] [Server thread/DEBUG] [io.netty.buffer.ByteBufUtil/]: -Dio.netty.threadLocalDirectBufferSize: 0
[24Jan2026 17:18:59.485] [Server thread/DEBUG] [io.netty.buffer.ByteBufUtil/]: -Dio.netty.maxThreadLocalCharBufferSize: 16384
[24Jan2026 17:18:59.502] [Server thread/WARN] [net.minecraft.server.dedicated.DedicatedServer/]: **** SERVER IS RUNNING IN OFFLINE/INSECURE MODE!
[24Jan2026 17:18:59.504] [Server thread/WARN] [net.minecraft.server.dedicated.DedicatedServer/]: The server will make no attempt to authenticate usernames. Beware.
[24Jan2026 17:18:59.505] [Server thread/WARN] [net.minecraft.server.dedicated.DedicatedServer/]: While this makes the game possible to play without internet access, it also opens up the ability for hackers to connect with any username they choose.
[24Jan2026 17:18:59.505] [Server thread/WARN] [net.minecraft.server.dedicated.DedicatedServer/]: To change this, set "online-mode" to "true" in the server.properties file.
[24Jan2026 17:18:59.539] [Server thread/DEBUG] [net.minecraftforge.fml.config.ConfigTracker/CONFIG]: Loading configs type SERVER
[24Jan2026 17:18:59.539] [Server thread/DEBUG] [fuzs.puzzleslib.impl.config.core.ForgeConfigFileTypeHandler/CONFIG]: Built TOML config for /workspaces/server1/servidor_minecraft/config/mutantmonsters-server.toml
[24Jan2026 17:18:59.540] [Server thread/DEBUG] [fuzs.puzzleslib.impl.config.core.ForgeConfigFileTypeHandler/CONFIG]: Loaded TOML config file /workspaces/server1/servidor_minecraft/config/mutantmonsters-server.toml
[24Jan2026 17:18:59.540] [Server thread/DEBUG] [fuzs.puzzleslib.impl.config.core.ForgeConfigFileTypeHandler/CONFIG]: Watching TOML config file /workspaces/server1/servidor_minecraft/config/mutantmonsters-server.toml for changes
[24Jan2026 17:18:59.549] [Server thread/INFO] [Puzzles Lib/]: Loading server config for mutantmonsters
[24Jan2026 17:18:59.550] [Thread-1/DEBUG] [fuzs.puzzleslib.impl.config.core.ForgeConfigFileTypeHandler/CONFIG]: Config file mutantmonsters-server.toml changed, sending notifies
[24Jan2026 17:18:59.550] [Server thread/DEBUG] [net.minecraftforge.fml.config.ConfigFileTypeHandler/CONFIG]: Built TOML config for ./world/serverconfig/jei-server.toml
[24Jan2026 17:18:59.551] [Thread-1/INFO] [Puzzles Lib/]: Reloading server config for mutantmonsters
[24Jan2026 17:18:59.552] [Thread-1/DEBUG] [fuzs.puzzleslib.impl.config.core.ForgeConfigFileTypeHandler/CONFIG]: Config file mutantmonsters-server.toml changed, sending notifies
[24Jan2026 17:18:59.552] [Thread-1/INFO] [Puzzles Lib/]: Reloading server config for mutantmonsters
[24Jan2026 17:18:59.553] [Server thread/DEBUG] [net.minecraftforge.fml.config.ConfigFileTypeHandler/CONFIG]: Loaded TOML config file ./world/serverconfig/jei-server.toml
[24Jan2026 17:18:59.555] [Server thread/DEBUG] [net.minecraftforge.fml.config.ConfigFileTypeHandler/CONFIG]: Watching TOML config file ./world/serverconfig/jei-server.toml for changes
[24Jan2026 17:18:59.556] [Thread-1/DEBUG] [net.minecraftforge.fml.config.ConfigFileTypeHandler/CONFIG]: Config file jei-server.toml changed, sending notifies
[24Jan2026 17:18:59.556] [Thread-1/DEBUG] [net.minecraftforge.fml.config.ConfigFileTypeHandler/CONFIG]: Config file jei-server.toml changed, sending notifies
[24Jan2026 17:18:59.557] [Server thread/DEBUG] [net.minecraftforge.fml.config.ConfigFileTypeHandler/CONFIG]: Built TOML config for ./world/serverconfig/sophisticatedbackpacks-server.toml
[24Jan2026 17:18:59.564] [Server thread/DEBUG] [net.minecraftforge.fml.config.ConfigFileTypeHandler/CONFIG]: Loaded TOML config file ./world/serverconfig/sophisticatedbackpacks-server.toml
[24Jan2026 17:18:59.565] [Server thread/DEBUG] [net.minecraftforge.fml.config.ConfigFileTypeHandler/CONFIG]: Watching TOML config file ./world/serverconfig/sophisticatedbackpacks-server.toml for changes
[24Jan2026 17:18:59.571] [Thread-1/DEBUG] [net.minecraftforge.fml.config.ConfigFileTypeHandler/CONFIG]: Config file sophisticatedbackpacks-server.toml changed, sending notifies
[24Jan2026 17:18:59.580] [Thread-1/DEBUG] [net.minecraftforge.fml.config.ConfigFileTypeHandler/CONFIG]: Config file sophisticatedbackpacks-server.toml changed, sending notifies
[24Jan2026 17:18:59.582] [Server thread/DEBUG] [net.minecraftforge.fml.config.ConfigFileTypeHandler/CONFIG]: Built TOML config for ./world/serverconfig/forge-server.toml
[24Jan2026 17:18:59.582] [Server thread/DEBUG] [net.minecraftforge.fml.config.ConfigFileTypeHandler/CONFIG]: Loaded TOML config file ./world/serverconfig/forge-server.toml
[24Jan2026 17:18:59.582] [Server thread/DEBUG] [net.minecraftforge.fml.config.ConfigFileTypeHandler/CONFIG]: Watching TOML config file ./world/serverconfig/forge-server.toml for changes
[24Jan2026 17:18:59.583] [Server thread/DEBUG] [net.minecraftforge.common.ForgeConfig/FORGEMOD]: Loaded forge config file forge-server.toml
[24Jan2026 17:18:59.583] [Thread-1/DEBUG] [net.minecraftforge.fml.config.ConfigFileTypeHandler/CONFIG]: Config file forge-server.toml changed, sending notifies
[24Jan2026 17:18:59.583] [Thread-1/DEBUG] [net.minecraftforge.common.ForgeConfig/FORGEMOD]: Forge config just got changed on the file system!
[24Jan2026 17:18:59.583] [Thread-1/DEBUG] [net.minecraftforge.fml.config.ConfigFileTypeHandler/CONFIG]: Config file forge-server.toml changed, sending notifies
[24Jan2026 17:18:59.583] [Thread-1/DEBUG] [net.minecraftforge.common.ForgeConfig/FORGEMOD]: Forge config just got changed on the file system!
[24Jan2026 17:18:59.583] [Server thread/DEBUG] [fuzs.puzzleslib.impl.config.core.ForgeConfigFileTypeHandler/CONFIG]: Built TOML config for /workspaces/server1/servidor_minecraft/config/enchantinginfuser-server.toml
[24Jan2026 17:18:59.587] [Server thread/DEBUG] [fuzs.puzzleslib.impl.config.core.ForgeConfigFileTypeHandler/CONFIG]: Loaded TOML config file /workspaces/server1/servidor_minecraft/config/enchantinginfuser-server.toml
[24Jan2026 17:18:59.587] [Server thread/DEBUG] [fuzs.puzzleslib.impl.config.core.ForgeConfigFileTypeHandler/CONFIG]: Watching TOML config file /workspaces/server1/servidor_minecraft/config/enchantinginfuser-server.toml for changes
[24Jan2026 17:18:59.592] [Server thread/INFO] [Puzzles Lib/]: Loading server config for enchantinginfuser
[24Jan2026 17:18:59.601] [Thread-1/DEBUG] [fuzs.puzzleslib.impl.config.core.ForgeConfigFileTypeHandler/CONFIG]: Config file enchantinginfuser-server.toml changed, sending notifies
[24Jan2026 17:18:59.602] [Thread-1/INFO] [Puzzles Lib/]: Reloading server config for enchantinginfuser
[24Jan2026 17:18:59.608] [Server thread/DEBUG] [mixin/]: Mixing accessor.BiomeSpecialEffectsBuilderForgeAccessor from puzzleslib.forge.mixins.json into net.minecraft.world.level.biome.BiomeSpecialEffects$Builder
[24Jan2026 17:18:59.707] [Server thread/INFO] [net.minecraft.server.dedicated.DedicatedServer/]: Preparing level "world"
[24Jan2026 17:18:59.722] [Server thread/DEBUG] [net.minecraftforge.coremod.transformer.CoreModBaseTransformer/COREMOD]: Transforming net/minecraft/world/level/levelgen/PhantomSpawner
[24Jan2026 17:18:59.740] [Server thread/DEBUG] [net.minecraftforge.coremod.transformer.CoreModBaseTransformer/COREMOD]: Transforming net/minecraft/world/level/levelgen/PatrolSpawner
[24Jan2026 17:18:59.757] [Server thread/DEBUG] [net.minecraftforge.coremod.transformer.CoreModBaseTransformer/COREMOD]: Transforming net/minecraft/world/entity/npc/CatSpawner
[24Jan2026 17:18:59.771] [Server thread/DEBUG] [net.minecraftforge.coremod.transformer.CoreModBaseTransformer/COREMOD]: Transforming net/minecraft/world/entity/ai/village/VillageSiege
[24Jan2026 17:18:59.819] [Server thread/DEBUG] [mixin/]: Mixing CustomDeathMessageMixin from takesapillage.mixins.json into net.minecraft.world.damagesource.DamageSources
[24Jan2026 17:19:07.040] [Server thread/INFO] [net.minecraft.server.MinecraftServer/]: Preparing start region for dimension minecraft:overworld
[24Jan2026 17:19:08.889] [Server thread/DEBUG] [net.minecraftforge.coremod.transformer.CoreModBaseTransformer/COREMOD]: Transforming net/minecraft/world/level/levelgen/structure/templatesystem/StructureTemplate
[24Jan2026 17:19:17.291] [Worker-Main-1/INFO] [net.minecraft.server.level.progress.LoggerChunkProgressListener/]: Preparing spawn area: 0%
[24Jan2026 17:19:17.317] [Worker-Main-1/INFO] [net.minecraft.server.level.progress.LoggerChunkProgressListener/]: Preparing spawn area: 0%
[24Jan2026 17:19:17.340] [Worker-Main-1/INFO] [net.minecraft.server.level.progress.LoggerChunkProgressListener/]: Preparing spawn area: 0%
[24Jan2026 17:19:17.388] [Worker-Main-1/INFO] [net.minecraft.server.level.progress.LoggerChunkProgressListener/]: Preparing spawn area: 0%
[24Jan2026 17:19:17.442] [Worker-Main-1/INFO] [net.minecraft.server.level.progress.LoggerChunkProgressListener/]: Preparing spawn area: 0%
[24Jan2026 17:19:17.455] [Worker-Main-1/INFO] [net.minecraft.server.level.progress.LoggerChunkProgressListener/]: Preparing spawn area: 0%
[24Jan2026 17:19:17.456] [Worker-Main-1/INFO] [net.minecraft.server.level.progress.LoggerChunkProgressListener/]: Preparing spawn area: 0%
[24Jan2026 17:19:17.458] [Worker-Main-1/INFO] [net.minecraft.server.level.progress.LoggerChunkProgressListener/]: Preparing spawn area: 0%
[24Jan2026 17:19:17.462] [Worker-Main-1/INFO] [net.minecraft.server.level.progress.LoggerChunkProgressListener/]: Preparing spawn area: 0%
[24Jan2026 17:19:17.464] [Worker-Main-1/INFO] [net.minecraft.server.level.progress.LoggerChunkProgressListener/]: Preparing spawn area: 0%
[24Jan2026 17:19:17.466] [Worker-Main-1/INFO] [net.minecraft.server.level.progress.LoggerChunkProgressListener/]: Preparing spawn area: 0%
[24Jan2026 17:19:17.469] [Worker-Main-1/INFO] [net.minecraft.server.level.progress.LoggerChunkProgressListener/]: Preparing spawn area: 0%
[24Jan2026 17:19:17.470] [Worker-Main-1/INFO] [net.minecraft.server.level.progress.LoggerChunkProgressListener/]: Preparing spawn area: 0%
[24Jan2026 17:19:17.470] [Worker-Main-1/INFO] [net.minecraft.server.level.progress.LoggerChunkProgressListener/]: Preparing spawn area: 0%
[24Jan2026 17:19:17.471] [Worker-Main-1/INFO] [net.minecraft.server.level.progress.LoggerChunkProgressListener/]: Preparing spawn area: 0%
[24Jan2026 17:19:17.479] [Worker-Main-1/INFO] [net.minecraft.server.level.progress.LoggerChunkProgressListener/]: Preparing spawn area: 0%
[24Jan2026 17:19:17.479] [Worker-Main-1/INFO] [net.minecraft.server.level.progress.LoggerChunkProgressListener/]: Preparing spawn area: 0%
[24Jan2026 17:19:17.487] [Worker-Main-1/INFO] [net.minecraft.server.level.progress.LoggerChunkProgressListener/]: Preparing spawn area: 0%
[24Jan2026 17:19:17.491] [Worker-Main-1/INFO] [net.minecraft.server.level.progress.LoggerChunkProgressListener/]: Preparing spawn area: 0%
[24Jan2026 17:19:17.493] [Worker-Main-1/INFO] [net.minecraft.server.level.progress.LoggerChunkProgressListener/]: Preparing spawn area: 0%
[24Jan2026 17:19:17.500] [Worker-Main-1/INFO] [net.minecraft.server.level.progress.LoggerChunkProgressListener/]: Preparing spawn area: 0%
[24Jan2026 17:19:17.542] [Worker-Main-1/INFO] [net.minecraft.server.level.progress.LoggerChunkProgressListener/]: Preparing spawn area: 0%
[24Jan2026 17:19:18.041] [Worker-Main-1/INFO] [net.minecraft.server.level.progress.LoggerChunkProgressListener/]: Preparing spawn area: 0%
[24Jan2026 17:19:18.542] [Worker-Main-1/INFO] [net.minecraft.server.level.progress.LoggerChunkProgressListener/]: Preparing spawn area: 0%
[24Jan2026 17:19:19.042] [Worker-Main-1/INFO] [net.minecraft.server.level.progress.LoggerChunkProgressListener/]: Preparing spawn area: 0%
[24Jan2026 17:19:19.843] [Server thread/INFO] [net.minecraft.server.level.progress.LoggerChunkProgressListener/]: Time elapsed: 12801 ms
[24Jan2026 17:19:19.847] [Server thread/INFO] [net.minecraft.server.dedicated.DedicatedServer/]: Done (20.308s)! For help, type "help"
[24Jan2026 17:19:19.865] [Server thread/DEBUG] [net.minecraftforge.network.DualStackUtils/]: Detected IPv6 address: "0:0:0:0:0:0:0:0"
[24Jan2026 17:19:19.905] [Server thread/DEBUG] [net.minecraftforge.common.ForgeI18n/CORE]: Loading I18N data entries: 3944
[24Jan2026 17:19:19.911] [Server thread/INFO] [net.minecraftforge.server.permission.PermissionAPI/]: Successfully initialized permission handler forge:default_handler
[24Jan2026 17:19:19.959] [Server thread/DEBUG] [io.netty.buffer.AbstractByteBuf/]: -Dio.netty.buffer.checkAccessible: true
[24Jan2026 17:19:19.959] [Server thread/DEBUG] [io.netty.buffer.AbstractByteBuf/]: -Dio.netty.buffer.checkBounds: true
[24Jan2026 17:19:19.960] [Server thread/DEBUG] [io.netty.util.ResourceLeakDetectorFactory/]: Loaded default ResourceLeakDetector: io.netty.util.ResourceLeakDetector@24809245
[24Jan2026 17:19:20.061] [Server thread/DEBUG] [net.minecraftforge.coremod.transformer.CoreModBaseTransformer/COREMOD]: Transforming net/minecraft/world/level/NaturalSpawner
[24Jan2026 17:19:47.954] [Netty Epoll Server IO #1/DEBUG] [io.netty.util.Recycler/]: -Dio.netty.recycler.maxCapacityPerThread: 4096
[24Jan2026 17:19:47.954] [Netty Epoll Server IO #1/DEBUG] [io.netty.util.Recycler/]: -Dio.netty.recycler.ratio: 8
[24Jan2026 17:19:47.954] [Netty Epoll Server IO #1/DEBUG] [io.netty.util.Recycler/]: -Dio.netty.recycler.chunkSize: 32
[24Jan2026 17:19:47.955] [Netty Epoll Server IO #1/DEBUG] [io.netty.util.Recycler/]: -Dio.netty.recycler.blocking: false
[24Jan2026 17:19:49.134] [Netty Epoll Server IO #2/DEBUG] [net.minecraftforge.network.HandshakeHandler/FMLHANDSHAKE]: Starting new modded impl connection. Found 26 messages to dispatch.
[24Jan2026 17:19:49.180] [Server thread/DEBUG] [net.minecraftforge.network.HandshakeHandler/FMLHANDSHAKE]: Sending ticking packet info 'net.minecraftforge.network.HandshakeMessages$S2CModData' to 'fml:handshake' sequence 0
[24Jan2026 17:19:49.227] [Server thread/DEBUG] [net.minecraftforge.network.HandshakeHandler/FMLHANDSHAKE]: Sending ticking packet info 'net.minecraftforge.network.HandshakeMessages$S2CModList' to 'fml:handshake' sequence 1
[24Jan2026 17:19:49.276] [Server thread/DEBUG] [net.minecraftforge.network.HandshakeHandler/FMLHANDSHAKE]: Sending ticking packet info 'Registry minecraft:command_argument_type' to 'fml:handshake' sequence 2
[24Jan2026 17:19:49.332] [Server thread/DEBUG] [net.minecraftforge.network.HandshakeHandler/FMLHANDSHAKE]: Sending ticking packet info 'Registry minecraft:recipe_serializer' to 'fml:handshake' sequence 3
[24Jan2026 17:19:49.333] [Netty Epoll Server IO #2/DEBUG] [net.minecraftforge.network.LoginWrapper/FMLHANDSHAKE]: Recieved login wrapper packet event for channel fml:handshake with index 1
[24Jan2026 17:19:49.339] [Netty Epoll Server IO #2/DEBUG] [net.minecraftforge.network.HandshakeHandler/FMLHANDSHAKE]: Received client indexed reply 1 of type net.minecraftforge.network.HandshakeMessages$C2SModListReply
[24Jan2026 17:19:49.340] [Netty Epoll Server IO #2/DEBUG] [net.minecraftforge.network.HandshakeHandler/FMLHANDSHAKE]: Received client connection with modlist [minecraft, kuma_api, trashslot, mutantmonsters, geckolib, jei, born_in_chaos_v1, incendium, sophisticatedcore, xaerominimap, structory, xaeroworldmap, everythingcopper, mr_dungeons_andtaverns, mixinextras, dungeoncrawl, sophisticatedbackpacks, takesapillage, balm, puzzleslib, puzzlesaccessapi, dungeons_arise_seven_seas, forge, t_and_t, enchantinginfuser, dungeons_arise, cristellib]
[24Jan2026 17:19:49.342] [Netty Epoll Server IO #2/DEBUG] [net.minecraftforge.network.NetworkRegistry/NETREGISTRY]: Channel 'fml:loginwrapper' : Version test of 'FML3' from client : ACCEPTED
[24Jan2026 17:19:49.342] [Netty Epoll Server IO #2/DEBUG] [net.minecraftforge.network.NetworkRegistry/NETREGISTRY]: Channel 'enchantinginfuser:1' : Version test of '1' from client : ACCEPTED
[24Jan2026 17:19:49.342] [Netty Epoll Server IO #2/DEBUG] [net.minecraftforge.network.NetworkRegistry/NETREGISTRY]: Channel 'forge:tier_sorting' : Version test of '1.0' from client : ACCEPTED
[24Jan2026 17:19:49.342] [Netty Epoll Server IO #2/DEBUG] [net.minecraftforge.network.NetworkRegistry/NETREGISTRY]: Channel 'trashslot:network' : Version test of '1.0' from client : ACCEPTED
[24Jan2026 17:19:49.342] [Netty Epoll Server IO #2/DEBUG] [net.minecraftforge.network.NetworkRegistry/NETREGISTRY]: Channel 'jei:channel' : Version test of '1.0.0' from client : ACCEPTED
[24Jan2026 17:19:49.343] [Netty Epoll Server IO #2/DEBUG] [net.minecraftforge.network.NetworkRegistry/NETREGISTRY]: Channel 'minecraft:unregister' : Version test of 'FML3' from client : ACCEPTED
[24Jan2026 17:19:49.343] [Netty Epoll Server IO #2/DEBUG] [net.minecraftforge.network.NetworkRegistry/NETREGISTRY]: Channel 'xaerominimap:main' : Version test of '1.0' from client : ACCEPTED
[24Jan2026 17:19:49.343] [Netty Epoll Server IO #2/DEBUG] [net.minecraftforge.network.NetworkRegistry/NETREGISTRY]: Channel 'fml:play' : Version test of 'FML3' from client : ACCEPTED
[24Jan2026 17:19:49.343] [Netty Epoll Server IO #2/DEBUG] [net.minecraftforge.network.NetworkRegistry/NETREGISTRY]: Channel 'sophisticatedbackpacks:channel' : Version test of '1' from client : ACCEPTED
[24Jan2026 17:19:49.343] [Netty Epoll Server IO #2/DEBUG] [net.minecraftforge.network.NetworkRegistry/NETREGISTRY]: Channel 'puzzleslib:1' : Version test of '1' from client : ACCEPTED
[24Jan2026 17:19:49.344] [Netty Epoll Server IO #2/DEBUG] [net.minecraftforge.network.NetworkRegistry/NETREGISTRY]: Channel 'born_in_chaos_v1:born_in_chaos_v1' : Version test of '1' from client : ACCEPTED
[24Jan2026 17:19:49.344] [Netty Epoll Server IO #2/DEBUG] [net.minecraftforge.network.NetworkRegistry/NETREGISTRY]: Channel 'sophisticatedcore:channel' : Version test of '1' from client : ACCEPTED
[24Jan2026 17:19:49.344] [Netty Epoll Server IO #2/DEBUG] [net.minecraftforge.network.NetworkRegistry/NETREGISTRY]: Channel 'fml:handshake' : Version test of 'FML3' from client : ACCEPTED
[24Jan2026 17:19:49.344] [Netty Epoll Server IO #2/DEBUG] [net.minecraftforge.network.NetworkRegistry/NETREGISTRY]: Channel 'xaeroworldmap:main' : Version test of '1.0' from client : ACCEPTED
[24Jan2026 17:19:49.345] [Netty Epoll Server IO #2/DEBUG] [net.minecraftforge.network.NetworkRegistry/NETREGISTRY]: Channel 'balm:network' : Version test of '1.0' from client : ACCEPTED
[24Jan2026 17:19:49.345] [Netty Epoll Server IO #2/DEBUG] [net.minecraftforge.network.NetworkRegistry/NETREGISTRY]: Channel 'mutantmonsters:1' : Version test of '1' from client : ACCEPTED
[24Jan2026 17:19:49.345] [Netty Epoll Server IO #2/DEBUG] [net.minecraftforge.network.NetworkRegistry/NETREGISTRY]: Channel 'minecraft:register' : Version test of 'FML3' from client : ACCEPTED
[24Jan2026 17:19:49.345] [Netty Epoll Server IO #2/DEBUG] [net.minecraftforge.network.NetworkRegistry/NETREGISTRY]: Channel 'forge:split' : Version test of '1.1' from client : ACCEPTED
[24Jan2026 17:19:49.345] [Netty Epoll Server IO #2/DEBUG] [net.minecraftforge.network.NetworkRegistry/NETREGISTRY]: Channel 'geckolib:main' : Version test of '1' from client : ACCEPTED
[24Jan2026 17:19:49.346] [Netty Epoll Server IO #2/DEBUG] [net.minecraftforge.network.NetworkRegistry/NETREGISTRY]: Accepting channel list from client
[24Jan2026 17:19:49.349] [Netty Epoll Server IO #2/DEBUG] [net.minecraftforge.network.HandshakeHandler/FMLHANDSHAKE]: Accepted client connection mod list
[24Jan2026 17:19:49.372] [Netty Epoll Server IO #2/DEBUG] [net.minecraftforge.network.LoginWrapper/FMLHANDSHAKE]: Recieved login wrapper packet event for channel fml:handshake with index 2
[24Jan2026 17:19:49.374] [Netty Epoll Server IO #2/DEBUG] [net.minecraftforge.network.HandshakeHandler/FMLHANDSHAKE]: Received client indexed reply 2 of type net.minecraftforge.network.HandshakeMessages$C2SAcknowledge
[24Jan2026 17:19:49.375] [Netty Epoll Server IO #2/DEBUG] [net.minecraftforge.network.HandshakeHandler/FMLHANDSHAKE]: Received acknowledgement from client
[24Jan2026 17:19:49.380] [Server thread/DEBUG] [net.minecraftforge.network.HandshakeHandler/FMLHANDSHAKE]: Sending ticking packet info 'Registry minecraft:sound_event' to 'fml:handshake' sequence 4
[24Jan2026 17:19:49.425] [Netty Epoll Server IO #2/DEBUG] [net.minecraftforge.network.LoginWrapper/FMLHANDSHAKE]: Recieved login wrapper packet event for channel fml:handshake with index 3
[24Jan2026 17:19:49.426] [Netty Epoll Server IO #2/DEBUG] [net.minecraftforge.network.HandshakeHandler/FMLHANDSHAKE]: Received client indexed reply 3 of type net.minecraftforge.network.HandshakeMessages$C2SAcknowledge
[24Jan2026 17:19:49.426] [Netty Epoll Server IO #2/DEBUG] [net.minecraftforge.network.HandshakeHandler/FMLHANDSHAKE]: Received acknowledgement from client
[24Jan2026 17:19:49.430] [Server thread/DEBUG] [net.minecraftforge.network.HandshakeHandler/FMLHANDSHAKE]: Sending ticking packet info 'Registry minecraft:particle_type' to 'fml:handshake' sequence 5
[24Jan2026 17:19:49.476] [Server thread/DEBUG] [net.minecraftforge.network.HandshakeHandler/FMLHANDSHAKE]: Sending ticking packet info 'Registry minecraft:villager_profession' to 'fml:handshake' sequence 6
[24Jan2026 17:19:49.530] [Server thread/DEBUG] [net.minecraftforge.network.HandshakeHandler/FMLHANDSHAKE]: Sending ticking packet info 'Registry minecraft:item' to 'fml:handshake' sequence 7
[24Jan2026 17:19:49.576] [Server thread/DEBUG] [net.minecraftforge.network.HandshakeHandler/FMLHANDSHAKE]: Sending ticking packet info 'Registry minecraft:potion' to 'fml:handshake' sequence 8
[24Jan2026 17:19:49.625] [Server thread/DEBUG] [net.minecraftforge.network.HandshakeHandler/FMLHANDSHAKE]: Sending ticking packet info 'Registry minecraft:painting_variant' to 'fml:handshake' sequence 9
[24Jan2026 17:19:49.638] [Netty Epoll Server IO #2/DEBUG] [net.minecraftforge.network.LoginWrapper/FMLHANDSHAKE]: Recieved login wrapper packet event for channel fml:handshake with index 4
[24Jan2026 17:19:49.639] [Netty Epoll Server IO #2/DEBUG] [net.minecraftforge.network.HandshakeHandler/FMLHANDSHAKE]: Received client indexed reply 4 of type net.minecraftforge.network.HandshakeMessages$C2SAcknowledge
[24Jan2026 17:19:49.639] [Netty Epoll Server IO #2/DEBUG] [net.minecraftforge.network.HandshakeHandler/FMLHANDSHAKE]: Received acknowledgement from client
[24Jan2026 17:19:49.639] [Netty Epoll Server IO #2/DEBUG] [net.minecraftforge.network.LoginWrapper/FMLHANDSHAKE]: Recieved login wrapper packet event for channel fml:handshake with index 5
[24Jan2026 17:19:49.639] [Netty Epoll Server IO #2/DEBUG] [net.minecraftforge.network.HandshakeHandler/FMLHANDSHAKE]: Received client indexed reply 5 of type net.minecraftforge.network.HandshakeMessages$C2SAcknowledge
[24Jan2026 17:19:49.639] [Netty Epoll Server IO #2/DEBUG] [net.minecraftforge.network.HandshakeHandler/FMLHANDSHAKE]: Received acknowledgement from client
[24Jan2026 17:19:49.643] [Netty Epoll Server IO #2/DEBUG] [net.minecraftforge.network.LoginWrapper/FMLHANDSHAKE]: Recieved login wrapper packet event for channel fml:handshake with index 6
[24Jan2026 17:19:49.643] [Netty Epoll Server IO #2/DEBUG] [net.minecraftforge.network.HandshakeHandler/FMLHANDSHAKE]: Received client indexed reply 6 of type net.minecraftforge.network.HandshakeMessages$C2SAcknowledge
[24Jan2026 17:19:49.643] [Netty Epoll Server IO #2/DEBUG] [net.minecraftforge.network.HandshakeHandler/FMLHANDSHAKE]: Received acknowledgement from client
[24Jan2026 17:19:49.675] [Server thread/DEBUG] [net.minecraftforge.network.HandshakeHandler/FMLHANDSHAKE]: Sending ticking packet info 'Registry forge:fluid_type' to 'fml:handshake' sequence 10
[24Jan2026 17:19:49.691] [Netty Epoll Server IO #2/DEBUG] [net.minecraftforge.network.LoginWrapper/FMLHANDSHAKE]: Recieved login wrapper packet event for channel fml:handshake with index 7
[24Jan2026 17:19:49.691] [Netty Epoll Server IO #2/DEBUG] [net.minecraftforge.network.HandshakeHandler/FMLHANDSHAKE]: Received client indexed reply 7 of type net.minecraftforge.network.HandshakeMessages$C2SAcknowledge
[24Jan2026 17:19:49.691] [Netty Epoll Server IO #2/DEBUG] [net.minecraftforge.network.HandshakeHandler/FMLHANDSHAKE]: Received acknowledgement from client
[24Jan2026 17:19:49.693] [Netty Epoll Server IO #2/DEBUG] [net.minecraftforge.network.LoginWrapper/FMLHANDSHAKE]: Recieved login wrapper packet event for channel fml:handshake with index 8
[24Jan2026 17:19:49.693] [Netty Epoll Server IO #2/DEBUG] [net.minecraftforge.network.HandshakeHandler/FMLHANDSHAKE]: Received client indexed reply 8 of type net.minecraftforge.network.HandshakeMessages$C2SAcknowledge
[24Jan2026 17:19:49.693] [Netty Epoll Server IO #2/DEBUG] [net.minecraftforge.network.HandshakeHandler/FMLHANDSHAKE]: Received acknowledgement from client
[24Jan2026 17:19:49.705] [Netty Epoll Server IO #2/DEBUG] [net.minecraftforge.network.LoginWrapper/FMLHANDSHAKE]: Recieved login wrapper packet event for channel fml:handshake with index 9
[24Jan2026 17:19:49.705] [Netty Epoll Server IO #2/DEBUG] [net.minecraftforge.network.HandshakeHandler/FMLHANDSHAKE]: Received client indexed reply 9 of type net.minecraftforge.network.HandshakeMessages$C2SAcknowledge
[24Jan2026 17:19:49.706] [Netty Epoll Server IO #2/DEBUG] [net.minecraftforge.network.HandshakeHandler/FMLHANDSHAKE]: Received acknowledgement from client
[24Jan2026 17:19:49.725] [Server thread/DEBUG] [net.minecraftforge.network.HandshakeHandler/FMLHANDSHAKE]: Sending ticking packet info 'Registry minecraft:block_entity_type' to 'fml:handshake' sequence 11
[24Jan2026 17:19:49.751] [Netty Epoll Server IO #2/DEBUG] [net.minecraftforge.network.LoginWrapper/FMLHANDSHAKE]: Recieved login wrapper packet event for channel fml:handshake with index 10
[24Jan2026 17:19:49.752] [Netty Epoll Server IO #2/DEBUG] [net.minecraftforge.network.HandshakeHandler/FMLHANDSHAKE]: Received client indexed reply 10 of type net.minecraftforge.network.HandshakeMessages$C2SAcknowledge
[24Jan2026 17:19:49.752] [Netty Epoll Server IO #2/DEBUG] [net.minecraftforge.network.HandshakeHandler/FMLHANDSHAKE]: Received acknowledgement from client
[24Jan2026 17:19:49.775] [Server thread/DEBUG] [net.minecraftforge.network.HandshakeHandler/FMLHANDSHAKE]: Sending ticking packet info 'Registry forge:display_contexts' to 'fml:handshake' sequence 12
[24Jan2026 17:19:49.814] [Netty Epoll Server IO #2/DEBUG] [net.minecraftforge.network.LoginWrapper/FMLHANDSHAKE]: Recieved login wrapper packet event for channel fml:handshake with index 11
[24Jan2026 17:19:49.814] [Netty Epoll Server IO #2/DEBUG] [net.minecraftforge.network.HandshakeHandler/FMLHANDSHAKE]: Received client indexed reply 11 of type net.minecraftforge.network.HandshakeMessages$C2SAcknowledge
[24Jan2026 17:19:49.814] [Netty Epoll Server IO #2/DEBUG] [net.minecraftforge.network.HandshakeHandler/FMLHANDSHAKE]: Received acknowledgement from client
[24Jan2026 17:19:49.826] [Server thread/DEBUG] [net.minecraftforge.network.HandshakeHandler/FMLHANDSHAKE]: Sending ticking packet info 'Registry minecraft:block' to 'fml:handshake' sequence 13
[24Jan2026 17:19:49.853] [Netty Epoll Server IO #2/DEBUG] [net.minecraftforge.network.LoginWrapper/FMLHANDSHAKE]: Recieved login wrapper packet event for channel fml:handshake with index 12
[24Jan2026 17:19:49.853] [Netty Epoll Server IO #2/DEBUG] [net.minecraftforge.network.HandshakeHandler/FMLHANDSHAKE]: Received client indexed reply 12 of type net.minecraftforge.network.HandshakeMessages$C2SAcknowledge
[24Jan2026 17:19:49.853] [Netty Epoll Server IO #2/DEBUG] [net.minecraftforge.network.HandshakeHandler/FMLHANDSHAKE]: Received acknowledgement from client
[24Jan2026 17:19:49.879] [Server thread/DEBUG] [net.minecraftforge.network.HandshakeHandler/FMLHANDSHAKE]: Sending ticking packet info 'Registry forge:entity_data_serializers' to 'fml:handshake' sequence 14
[24Jan2026 17:19:49.921] [Netty Epoll Server IO #2/DEBUG] [net.minecraftforge.network.LoginWrapper/FMLHANDSHAKE]: Recieved login wrapper packet event for channel fml:handshake with index 13
[24Jan2026 17:19:49.921] [Netty Epoll Server IO #2/DEBUG] [net.minecraftforge.network.HandshakeHandler/FMLHANDSHAKE]: Received client indexed reply 13 of type net.minecraftforge.network.HandshakeMessages$C2SAcknowledge
[24Jan2026 17:19:49.921] [Netty Epoll Server IO #2/DEBUG] [net.minecraftforge.network.HandshakeHandler/FMLHANDSHAKE]: Received acknowledgement from client
[24Jan2026 17:19:49.926] [Server thread/DEBUG] [net.minecraftforge.network.HandshakeHandler/FMLHANDSHAKE]: Sending ticking packet info 'Registry minecraft:mob_effect' to 'fml:handshake' sequence 15
[24Jan2026 17:19:49.955] [Netty Epoll Server IO #2/DEBUG] [net.minecraftforge.network.LoginWrapper/FMLHANDSHAKE]: Recieved login wrapper packet event for channel fml:handshake with index 14
[24Jan2026 17:19:49.956] [Netty Epoll Server IO #2/DEBUG] [net.minecraftforge.network.HandshakeHandler/FMLHANDSHAKE]: Received client indexed reply 14 of type net.minecraftforge.network.HandshakeMessages$C2SAcknowledge
[24Jan2026 17:19:49.956] [Netty Epoll Server IO #2/DEBUG] [net.minecraftforge.network.HandshakeHandler/FMLHANDSHAKE]: Received acknowledgement from client
[24Jan2026 17:19:49.977] [Server thread/DEBUG] [net.minecraftforge.network.HandshakeHandler/FMLHANDSHAKE]: Sending ticking packet info 'Registry minecraft:stat_type' to 'fml:handshake' sequence 16
[24Jan2026 17:19:50.001] [Netty Epoll Server IO #2/DEBUG] [net.minecraftforge.network.LoginWrapper/FMLHANDSHAKE]: Recieved login wrapper packet event for channel fml:handshake with index 15
[24Jan2026 17:19:50.002] [Netty Epoll Server IO #2/DEBUG] [net.minecraftforge.network.HandshakeHandler/FMLHANDSHAKE]: Received client indexed reply 15 of type net.minecraftforge.network.HandshakeMessages$C2SAcknowledge
[24Jan2026 17:19:50.002] [Netty Epoll Server IO #2/DEBUG] [net.minecraftforge.network.HandshakeHandler/FMLHANDSHAKE]: Received acknowledgement from client
[24Jan2026 17:19:50.026] [Server thread/DEBUG] [net.minecraftforge.network.HandshakeHandler/FMLHANDSHAKE]: Sending ticking packet info 'Registry minecraft:menu' to 'fml:handshake' sequence 17
[24Jan2026 17:19:50.068] [Netty Epoll Server IO #2/DEBUG] [net.minecraftforge.network.LoginWrapper/FMLHANDSHAKE]: Recieved login wrapper packet event for channel fml:handshake with index 16
[24Jan2026 17:19:50.068] [Netty Epoll Server IO #2/DEBUG] [net.minecraftforge.network.HandshakeHandler/FMLHANDSHAKE]: Received client indexed reply 16 of type net.minecraftforge.network.HandshakeMessages$C2SAcknowledge
[24Jan2026 17:19:50.068] [Netty Epoll Server IO #2/DEBUG] [net.minecraftforge.network.HandshakeHandler/FMLHANDSHAKE]: Received acknowledgement from client
[24Jan2026 17:19:50.075] [Server thread/DEBUG] [net.minecraftforge.network.HandshakeHandler/FMLHANDSHAKE]: Sending ticking packet info 'Registry minecraft:enchantment' to 'fml:handshake' sequence 18
[24Jan2026 17:19:50.116] [Netty Epoll Server IO #2/DEBUG] [net.minecraftforge.network.LoginWrapper/FMLHANDSHAKE]: Recieved login wrapper packet event for channel fml:handshake with index 17
[24Jan2026 17:19:50.117] [Netty Epoll Server IO #2/DEBUG] [net.minecraftforge.network.HandshakeHandler/FMLHANDSHAKE]: Received client indexed reply 17 of type net.minecraftforge.network.HandshakeMessages$C2SAcknowledge
[24Jan2026 17:19:50.117] [Netty Epoll Server IO #2/DEBUG] [net.minecraftforge.network.HandshakeHandler/FMLHANDSHAKE]: Received acknowledgement from client
[24Jan2026 17:19:50.125] [Server thread/DEBUG] [net.minecraftforge.network.HandshakeHandler/FMLHANDSHAKE]: Sending ticking packet info 'Registry minecraft:fluid' to 'fml:handshake' sequence 19
[24Jan2026 17:19:50.152] [Netty Epoll Server IO #2/DEBUG] [net.minecraftforge.network.LoginWrapper/FMLHANDSHAKE]: Recieved login wrapper packet event for channel fml:handshake with index 18
[24Jan2026 17:19:50.152] [Netty Epoll Server IO #2/DEBUG] [net.minecraftforge.network.HandshakeHandler/FMLHANDSHAKE]: Received client indexed reply 18 of type net.minecraftforge.network.HandshakeMessages$C2SAcknowledge
[24Jan2026 17:19:50.152] [Netty Epoll Server IO #2/DEBUG] [net.minecraftforge.network.HandshakeHandler/FMLHANDSHAKE]: Received acknowledgement from client
[24Jan2026 17:19:50.179] [Server thread/DEBUG] [net.minecraftforge.network.HandshakeHandler/FMLHANDSHAKE]: Sending ticking packet info 'Registry minecraft:entity_type' to 'fml:handshake' sequence 20
[24Jan2026 17:19:50.203] [Netty Epoll Server IO #2/DEBUG] [net.minecraftforge.network.LoginWrapper/FMLHANDSHAKE]: Recieved login wrapper packet event for channel fml:handshake with index 19
[24Jan2026 17:19:50.204] [Netty Epoll Server IO #2/DEBUG] [net.minecraftforge.network.HandshakeHandler/FMLHANDSHAKE]: Received client indexed reply 19 of type net.minecraftforge.network.HandshakeMessages$C2SAcknowledge
[24Jan2026 17:19:50.204] [Netty Epoll Server IO #2/DEBUG] [net.minecraftforge.network.HandshakeHandler/FMLHANDSHAKE]: Received acknowledgement from client
[24Jan2026 17:19:50.226] [Server thread/DEBUG] [net.minecraftforge.network.HandshakeHandler/FMLHANDSHAKE]: Sending ticking packet info 'Config sophisticatedbackpacks-server.toml' to 'fml:handshake' sequence 21
[24Jan2026 17:19:50.275] [Server thread/DEBUG] [net.minecraftforge.network.HandshakeHandler/FMLHANDSHAKE]: Sending ticking packet info 'Config enchantinginfuser-server.toml' to 'fml:handshake' sequence 22
[24Jan2026 17:19:50.328] [Server thread/DEBUG] [net.minecraftforge.network.HandshakeHandler/FMLHANDSHAKE]: Sending ticking packet info 'Config mutantmonsters-server.toml' to 'fml:handshake' sequence 23
[24Jan2026 17:19:50.375] [Server thread/DEBUG] [net.minecraftforge.network.HandshakeHandler/FMLHANDSHAKE]: Sending ticking packet info 'Config jei-server.toml' to 'fml:handshake' sequence 24
[24Jan2026 17:19:50.425] [Server thread/DEBUG] [net.minecraftforge.network.HandshakeHandler/FMLHANDSHAKE]: Sending ticking packet info 'Config forge-server.toml' to 'fml:handshake' sequence 25
[24Jan2026 17:19:52.176] [Netty Epoll Server IO #2/DEBUG] [net.minecraftforge.network.LoginWrapper/FMLHANDSHAKE]: Recieved login wrapper packet event for channel fml:handshake with index 20
[24Jan2026 17:19:52.176] [Netty Epoll Server IO #2/DEBUG] [net.minecraftforge.network.HandshakeHandler/FMLHANDSHAKE]: Received client indexed reply 20 of type net.minecraftforge.network.HandshakeMessages$C2SAcknowledge
[24Jan2026 17:19:52.176] [Netty Epoll Server IO #2/DEBUG] [net.minecraftforge.network.HandshakeHandler/FMLHANDSHAKE]: Received acknowledgement from client
[24Jan2026 17:19:52.192] [Netty Epoll Server IO #2/DEBUG] [net.minecraftforge.network.LoginWrapper/FMLHANDSHAKE]: Recieved login wrapper packet event for channel fml:handshake with index 21
[24Jan2026 17:19:52.192] [Netty Epoll Server IO #2/DEBUG] [net.minecraftforge.network.HandshakeHandler/FMLHANDSHAKE]: Received client indexed reply 21 of type net.minecraftforge.network.HandshakeMessages$C2SAcknowledge
[24Jan2026 17:19:52.192] [Netty Epoll Server IO #2/DEBUG] [net.minecraftforge.network.HandshakeHandler/FMLHANDSHAKE]: Received acknowledgement from client
[24Jan2026 17:19:52.202] [Netty Epoll Server IO #2/DEBUG] [net.minecraftforge.network.LoginWrapper/FMLHANDSHAKE]: Recieved login wrapper packet event for channel fml:handshake with index 22
[24Jan2026 17:19:52.203] [Netty Epoll Server IO #2/DEBUG] [net.minecraftforge.network.HandshakeHandler/FMLHANDSHAKE]: Received client indexed reply 22 of type net.minecraftforge.network.HandshakeMessages$C2SAcknowledge
[24Jan2026 17:19:52.203] [Netty Epoll Server IO #2/DEBUG] [net.minecraftforge.network.HandshakeHandler/FMLHANDSHAKE]: Received acknowledgement from client
[24Jan2026 17:19:52.238] [Netty Epoll Server IO #2/DEBUG] [net.minecraftforge.network.LoginWrapper/FMLHANDSHAKE]: Recieved login wrapper packet event for channel fml:handshake with index 23
[24Jan2026 17:19:52.238] [Netty Epoll Server IO #2/DEBUG] [net.minecraftforge.network.HandshakeHandler/FMLHANDSHAKE]: Received client indexed reply 23 of type net.minecraftforge.network.HandshakeMessages$C2SAcknowledge
[24Jan2026 17:19:52.239] [Netty Epoll Server IO #2/DEBUG] [net.minecraftforge.network.HandshakeHandler/FMLHANDSHAKE]: Received acknowledgement from client
[24Jan2026 17:19:52.240] [Netty Epoll Server IO #2/DEBUG] [net.minecraftforge.network.LoginWrapper/FMLHANDSHAKE]: Recieved login wrapper packet event for channel fml:handshake with index 24
[24Jan2026 17:19:52.240] [Netty Epoll Server IO #2/DEBUG] [net.minecraftforge.network.HandshakeHandler/FMLHANDSHAKE]: Received client indexed reply 24 of type net.minecraftforge.network.HandshakeMessages$C2SAcknowledge
[24Jan2026 17:19:52.240] [Netty Epoll Server IO #2/DEBUG] [net.minecraftforge.network.HandshakeHandler/FMLHANDSHAKE]: Received acknowledgement from client
[24Jan2026 17:19:52.241] [Netty Epoll Server IO #2/DEBUG] [net.minecraftforge.network.LoginWrapper/FMLHANDSHAKE]: Recieved login wrapper packet event for channel fml:handshake with index 25
[24Jan2026 17:19:52.241] [Netty Epoll Server IO #2/DEBUG] [net.minecraftforge.network.HandshakeHandler/FMLHANDSHAKE]: Received client indexed reply 25 of type net.minecraftforge.network.HandshakeMessages$C2SAcknowledge
[24Jan2026 17:19:52.242] [Netty Epoll Server IO #2/DEBUG] [net.minecraftforge.network.HandshakeHandler/FMLHANDSHAKE]: Received acknowledgement from client
[24Jan2026 17:19:52.275] [Server thread/DEBUG] [net.minecraftforge.network.HandshakeHandler/FMLHANDSHAKE]: Handshake complete!
[24Jan2026 17:19:52.509] [Server thread/INFO] [net.minecraft.server.players.PlayerList/]: mariesca[/127.206.185.177:37363] logged in with entity id 137 at (292.73602211016805, 67.0, 66.61802813190987)
[24Jan2026 17:19:52.522] [Server thread/DEBUG] [net.minecraftforge.network.filters.NetworkFilters/]: Injected net.minecraftforge.network.filters.ForgeConnectionNetworkFilter@5896d168 into net.minecraft.network.Connection@7b5e0e16
[24Jan2026 17:19:52.738] [Server thread/INFO] [net.minecraft.server.MinecraftServer/]: mariesca joined the game
[24Jan2026 17:19:53.354] [Server thread/DEBUG] [io.netty.util.internal.ThreadLocalRandom/]: -Dio.netty.initialSeedUniquifier: 0x6298da68e637e4b5
[24Jan2026 17:19:54.833] [Server thread/WARN] [net.minecraft.server.MinecraftServer/]: Can't keep up! Is the server overloaded? Running 2011ms or 40 ticks behind
[24Jan2026 17:22:01.683] [Server thread/INFO] [net.minecraft.server.MinecraftServer/]: mariesca was slain by Scarlet Persecutor
[24Jan2026 17:23:59.129] [Server thread/INFO] [net.minecraft.server.MinecraftServer/]: mariesca was slain by Scarlet Persecutor
[24Jan2026 17:24:22.045] [Server thread/DEBUG] [net.minecraftforge.common.ForgeHooks/WP]: Gathering id map for writing to world save world
[24Jan2026 17:24:22.071] [Server thread/DEBUG] [net.minecraftforge.common.ForgeHooks/WP]: ID Map collection complete world
[24Jan2026 17:29:21.918] [Server thread/DEBUG] [net.minecraftforge.common.ForgeHooks/WP]: Gathering id map for writing to world save world
[24Jan2026 17:29:21.939] [Server thread/DEBUG] [net.minecraftforge.common.ForgeHooks/WP]: ID Map collection complete world
[24Jan2026 17:34:21.945] [Server thread/DEBUG] [net.minecraftforge.common.ForgeHooks/WP]: Gathering id map for writing to world save world
[24Jan2026 17:34:21.966] [Server thread/DEBUG] [net.minecraftforge.common.ForgeHooks/WP]: ID Map collection complete world
[24Jan2026 17:39:21.966] [Server thread/DEBUG] [net.minecraftforge.common.ForgeHooks/WP]: Gathering id map for writing to world save world
[24Jan2026 17:39:21.991] [Server thread/DEBUG] [net.minecraftforge.common.ForgeHooks/WP]: ID Map collection complete world
[24Jan2026 17:44:21.899] [Server thread/DEBUG] [net.minecraftforge.common.ForgeHooks/WP]: Gathering id map for writing to world save world
[24Jan2026 17:44:21.914] [Server thread/DEBUG] [net.minecraftforge.common.ForgeHooks/WP]: ID Map collection complete world
[24Jan2026 17:49:21.902] [Server thread/DEBUG] [net.minecraftforge.common.ForgeHooks/WP]: Gathering id map for writing to world save world
[24Jan2026 17:49:21.909] [Server thread/DEBUG] [net.minecraftforge.common.ForgeHooks/WP]: ID Map collection complete world
[24Jan2026 17:54:21.898] [Server thread/DEBUG] [net.minecraftforge.common.ForgeHooks/WP]: Gathering id map for writing to world save world
[24Jan2026 17:54:21.908] [Server thread/DEBUG] [net.minecraftforge.common.ForgeHooks/WP]: ID Map collection complete world
[24Jan2026 17:59:21.924] [Server thread/DEBUG] [net.minecraftforge.common.ForgeHooks/WP]: Gathering id map for writing to world save world
[24Jan2026 17:59:21.935] [Server thread/DEBUG] [net.minecraftforge.common.ForgeHooks/WP]: ID Map collection complete world
[24Jan2026 18:04:21.911] [Server thread/DEBUG] [net.minecraftforge.common.ForgeHooks/WP]: Gathering id map for writing to world save world
[24Jan2026 18:04:21.920] [Server thread/DEBUG] [net.minecraftforge.common.ForgeHooks/WP]: ID Map collection complete world
[24Jan2026 18:09:21.914] [Server thread/DEBUG] [net.minecraftforge.common.ForgeHooks/WP]: Gathering id map for writing to world save world
[24Jan2026 18:09:21.931] [Server thread/DEBUG] [net.minecraftforge.common.ForgeHooks/WP]: ID Map collection complete world
[24Jan2026 18:14:21.905] [Server thread/DEBUG] [net.minecraftforge.common.ForgeHooks/WP]: Gathering id map for writing to world save world
[24Jan2026 18:14:21.916] [Server thread/DEBUG] [net.minecraftforge.common.ForgeHooks/WP]: ID Map collection complete world
[24Jan2026 18:15:02.571] [Server thread/INFO] [net.minecraft.server.MinecraftServer/]: mariesca was impaled on a stalagmite whilst fighting Lifestealer
[24Jan2026 18:18:32.233] [Server thread/INFO] [net.minecraft.server.network.ServerGamePacketListenerImpl/]: mariesca lost connection: Disconnected
[24Jan2026 18:18:32.234] [Server thread/INFO] [net.minecraft.server.MinecraftServer/]: mariesca left the game
[24Jan2026 18:19:21.899] [Server thread/DEBUG] [net.minecraftforge.common.ForgeHooks/WP]: Gathering id map for writing to world save world
[24Jan2026 18:19:21.910] [Server thread/DEBUG] [net.minecraftforge.common.ForgeHooks/WP]: ID Map collection complete world
[24Jan2026 18:19:29.472] [Server thread/INFO] [net.minecraft.server.MinecraftServer/]: Stopping server
[24Jan2026 18:19:29.474] [Server thread/INFO] [net.minecraft.server.MinecraftServer/]: Saving players
[24Jan2026 18:19:29.474] [Server thread/INFO] [net.minecraft.server.MinecraftServer/]: Saving worlds
[24Jan2026 18:19:29.710] [Server thread/INFO] [net.minecraft.server.MinecraftServer/]: Saving chunks for level 'ServerLevel[world]'/minecraft:overworld
[24Jan2026 18:19:31.184] [Server thread/INFO] [net.minecraft.server.MinecraftServer/]: Saving chunks for level 'ServerLevel[world]'/minecraft:the_nether
[24Jan2026 18:19:31.186] [Server thread/INFO] [net.minecraft.server.MinecraftServer/]: Saving chunks for level 'ServerLevel[world]'/minecraft:the_end
[24Jan2026 18:19:31.187] [Server thread/DEBUG] [net.minecraftforge.common.ForgeHooks/WP]: Gathering id map for writing to world save world
[24Jan2026 18:19:31.194] [Server thread/DEBUG] [net.minecraftforge.common.ForgeHooks/WP]: ID Map collection complete world
[24Jan2026 18:19:31.204] [Server thread/INFO] [net.minecraft.server.MinecraftServer/]: ThreadedAnvilChunkStorage (world): All chunks are saved
[24Jan2026 18:19:31.204] [Server thread/INFO] [net.minecraft.server.MinecraftServer/]: ThreadedAnvilChunkStorage (DIM-1): All chunks are saved
[24Jan2026 18:19:31.204] [Server thread/INFO] [net.minecraft.server.MinecraftServer/]: ThreadedAnvilChunkStorage (DIM1): All chunks are saved
[24Jan2026 18:19:31.205] [Server thread/INFO] [net.minecraft.server.MinecraftServer/]: ThreadedAnvilChunkStorage: All dimensions are saved
[24Jan2026 18:19:31.238] [Server thread/DEBUG] [net.minecraftforge.fml.config.ConfigTracker/CONFIG]: Unloading configs type SERVER
